tunner;day_time;song;artist
rockfm;2018/04/13 - 12:15:09;FELL ON BLACK DAYS;SOUNDGARDEN
rockfm;2018/04/13 - 12:16:40;BORN ON THE BAYOU;CREEDENCE CLEARWATER REVIVAL
rockfm;2018/04/13 - 12:22:51;UNA HORA DE ROCK Y SOLO ROCK;RockFM
rockfm;2018/04/13 - 12:33:20;PRIDE (IN THE NAME OF LOVE);U2
rockfm;2018/04/13 - 13:51:20;TNT;AC/DC
rockfm;2018/04/13 - 13:54:24;JUST WHAT I NEEDED;THE CARS
rockfm;2018/04/13 - 13:58:01;UNA HORA DE ROCK Y SOLO ROCK;RockFM
rockfm;2018/04/13 - 13:59:33;COME OUT AND PLAY;THE OFFSPRING
rockfm;2018/04/13 - 14:02:41;GIMME SOME LOVIN';SPENCER DAVIS GROUP
rockfm;2018/04/13 - 14:05:44;DON'T CRY;GUNS N' ROSES
rockfm;2018/04/13 - 14:10:30;ONE WAY OR ANOTHER;BLONDIE
rockfm;2018/04/13 - 14:13:34;BLACK HOLE SUN;SOUNDGARDEN
rockfm;2018/04/13 - 14:19:44;MY SHARONA;THE KNACK
rockfm;2018/04/13 - 14:24:22;SEND ME AN ANGEL;SCORPIONS
rockfm;2018/04/13 - 14:29:02;UNA HORA DE ROCK Y SOLO ROCK;RockFM
rockfm;2018/04/13 - 14:35:13;POUR SOME SUGAR ON ME;DEF LEPPARD
rockfm;2018/04/13 - 14:41:24;FLY AWAY;LENNY KRAVITZ
rockfm;2018/04/13 - 14:58:41;JULIETTE;PLATERO Y TU
rockfm;2018/04/13 - 15:01:44;BORN IN THE U.S.A.;BRUCE SPRINGSTEEN
rockfm;2018/04/13 - 15:07:59;HOW YOU REMIND ME;NICKELBACK
rockfm;2018/04/13 - 15:11:03;RADIO GA GA;QUEEN
rockfm;2018/04/13 - 15:17:19;GIVE IT AWAY;RED HOT CHILI PEPPERS
rockfm;2018/04/13 - 15:21:55;OLD TIME ROCK & ROLL;BOB SEGER
rockfm;2018/04/13 - 15:25:02;COME AS YOU ARE;NIRVANA
rockfm;2018/04/13 - 15:26:33;OLD TIME ROCK & ROLL;BOB SEGER
rockfm;2018/04/13 - 15:29:41;NOTHING ELSE MATTERS;METALLICA
rockfm;2018/04/13 - 15:32:45;UNA HORA DE ROCK Y SOLO ROCK;RockFM
rockfm;2018/04/13 - 15:35:52;OVER THE HILLS AND FAR AWAY;GARY MOORE
rockfm;2018/04/13 - 15:40:30;THUNDERSTRUCK;AC/DC
rockfm;2018/04/13 - 15:46:40;UNA HORA DE ROCK Y SOLO ROCK;RockFM
rockfm;2018/04/13 - 15:54:23;ROCKIN' ALL OVER THE WORLD;JOHN FOGERTY
rockfm;2018/04/13 - 15:57:30;BITCH;MEREDITH BROOKS
rockfm;2018/04/13 - 16:00:33;TUSH;ZZ TOP
rockfm;2018/04/13 - 16:03:40;ONE;U2
rockfm;2018/04/13 - 16:08:19;RUNAWAY;BON JOVI
rockfm;2018/04/13 - 16:11:23;UNA HORA DE ROCK Y SOLO ROCK;RockFM
rockfm;2018/04/13 - 16:12:54;WALK THIS WAY;AEROSMITH feat.RUN DMC
rockfm;2018/04/13 - 16:17:42;LA CHISPA ADECUADA;HÉROES DEL SILENCIO
rockfm;2018/04/13 - 16:22:22;BORN TO BE WILD;STEPPENWOLF
rockfm;2018/04/13 - 16:25:30;UNA HORA DE ROCK Y SOLO ROCK;RockFM
rockfm;2018/04/13 - 16:27:01;MRS.ROBINSON;LEMONHEADS
rockfm;2018/04/13 - 16:30:09;UNA HORA DE ROCK Y SOLO ROCK;RockFM
rockfm;2018/04/13 - 16:33:12;SUPERSTITIOUS;EUROPE
rockfm;2018/04/13 - 16:36:20;no info;no info
rockfm;2018/04/13 - 16:37:53;UPRISING;MUSE
rockfm;2018/04/13 - 16:41:00;no info;no info
rockfm;2018/04/13 - 16:42:31;UNA HORA DE ROCK Y SOLO ROCK;RockFM
rockfm;2018/04/13 - 16:44:03;OUTSIDE;STAIND
rockfm;2018/04/13 - 16:48:42;SERENADE;STEVE MILLER BAND
rockfm;2018/04/13 - 16:51:49;YOU MIGHT THINK;THE CARS
rockfm;2018/04/13 - 16:54:54;UNA HORA DE ROCK Y SOLO ROCK;RockFM
rockfm;2018/04/13 - 17:02:41;AMERICAN WOMAN;LENNY KRAVITZ
rockfm;2018/04/13 - 17:04:12;no info;no info
rockfm;2018/04/13 - 17:05:45;AMERICAN WOMAN;LENNY KRAVITZ
rockfm;2018/04/13 - 17:07:20;SO LONELY;THE POLICE
rockfm;2018/04/13 - 17:11:55;LOUIE LOUIE;THE KINGSMEN
rockfm;2018/04/13 - 17:13:29;SELF ESTEEM;THE OFFSPRING
rockfm;2018/04/13 - 17:16:32;no info;no info
rockfm;2018/04/13 - 17:18:04;IN THE AIR TONIGHT;PHILL COLLINS
rockfm;2018/04/13 - 17:22:42;UNA HORA DE ROCK Y SOLO ROCK;RockFM
rockfm;2018/04/13 - 17:24:14;I BELIEVE IN A THING CALLED LOVE;THE DARKNESS
rockfm;2018/04/13 - 17:28:53;BREAK ON THROUGH;THE DOORS
rockfm;2018/04/13 - 17:30:25;UNDER PRESSURE;QUEEN & DAVID BOWIE
rockfm;2018/04/13 - 17:33:32;UNA HORA DE ROCK Y SOLO ROCK;RockFM
rockfm;2018/04/13 - 17:35:03;LET'S GET ROCKED;DEF LEPPARD
rockfm;2018/04/13 - 17:38:10;no info;no info
rockfm;2018/04/12 - 19:03:11;LOVE OF MY LIFE;QUEEN
rockfm;2018/04/12 - 19:06:14;CRY BABY;JANIS JOPLIN
melodiafm;2018/04/13 - 12:23:10;I've Had The Time Of My Life;B Medley
melodiafm;2018/04/13 - 12:23:10;Sleeping In My Car;Roxette
melodiafm;2018/04/13 - 12:23:10;Al Calor Del Amor En Un Bar;Gabinete Caligari
melodiafm;2018/04/13 - 12:23:10;Moonlight Shadow;Mike Oldfield
melodiafm;2018/04/13 - 12:23:10;Killing Me Softly;The Fugees
melodiafm;2018/04/13 - 12:23:10;Perfect;Fairground Attraction
melodiafm;2018/04/13 - 12:23:10;Another Brick In The Wall;Pink Floyd
melodiafm;2018/04/13 - 12:23:10;Baby I Love Your Way;Big Mountain
melodiafm;2018/04/13 - 12:23:10;Words;Fr David
melodiafm;2018/04/13 - 12:23:10;Pajaros De Barro;Manolo Garcia
melodiafm;2018/04/13 - 12:23:10;Kiss;Art Of Noise & Tom Jones
melodiafm;2018/04/13 - 12:23:10;Da Ya Think I'm Sexy;Rod Stewart
melodiafm;2018/04/13 - 12:23:10;Lady Marmalade;Christina Aguilera
melodiafm;2018/04/13 - 13:03:53;Gangsta's Paradise;Coolio
melodiafm;2018/04/13 - 13:03:53;Englishman In New York;Sting
melodiafm;2018/04/13 - 13:03:53;El Límite;La Frontera
melodiafm;2018/04/13 - 13:03:53;Black Or White;Michael Jackson
melodiafm;2018/04/13 - 13:03:53;Hungry Heart;Bruce Springsteen
melodiafm;2018/04/13 - 13:03:53;Over My Shoulder;Mike And The Mechanics
melodiafm;2018/04/13 - 13:03:53;High;Lighthouse Family
melodiafm;2018/04/13 - 13:03:53;Don't Go;Yazoo
melodiafm;2018/04/13 - 13:03:53;Believe;Cher
melodiafm;2018/04/13 - 13:03:53;Gold;Spandau Ballet
melodiafm;2018/04/13 - 13:03:53;Dejame;Secretos, Los
melodiafm;2018/04/13 - 13:03:53;Eye Of The Tiger;Survivor
melodiafm;2018/04/13 - 13:03:53;Staying Alive;Bee Gees
melodiafm;2018/04/13 - 14:04:34;Faith;George Michael
melodiafm;2018/04/13 - 14:04:34;Enjoy The Silence;Depeche Mode
melodiafm;2018/04/13 - 14:04:34;Cuando Brille El Sol;La Guardia
melodiafm;2018/04/13 - 14:04:34;Whatever You Want;Status Quo
melodiafm;2018/04/13 - 14:04:34;The Show Must Go On;Queen
melodiafm;2018/04/13 - 14:04:34;Two People;Tina Turner
melodiafm;2018/04/13 - 14:04:34;Never Gonna Give You Up;Rick Astley
melodiafm;2018/04/13 - 14:04:34;Losing My Religion;R.e.m.
melodiafm;2018/04/13 - 14:04:34;Gimme Gimme Gimme;Abba
melodiafm;2018/04/13 - 14:04:34;Cruz De Navajas;Mecano
melodiafm;2018/04/13 - 14:04:34;She Drives Me Crazy;Fine Young Cannibal
melodiafm;2018/04/13 - 14:04:34;Hold The Line;Toto
melodiafm;2018/04/13 - 14:04:34;Fields Of Gold;Sting
melodiafm;2018/04/13 - 15:05:12;Crying;Aerosmith
melodiafm;2018/04/13 - 15:05:12;Bad;Michael Jakson
melodiafm;2018/04/13 - 15:05:12;Espaldas Mojadas;Tam Tam Go!
melodiafm;2018/04/13 - 15:05:12;If You Could Read My Mind;Stars On 54
melodiafm;2018/04/13 - 15:05:12;I Don't Want A Lover;Texas
melodiafm;2018/04/13 - 15:05:12;Walk Like An Egyptian;Bangles
melodiafm;2018/04/13 - 15:05:12;Angels;Robbie Williams
melodiafm;2018/04/13 - 15:05:12;Born In The U.s.a.;Bruce Springsteen...
melodiafm;2018/04/13 - 15:05:12;U Can't Touch This;Mc Hammer
melodiafm;2018/04/13 - 15:05:12;Holding Out For A Hero;Bonnie Tyler
melodiafm;2018/04/13 - 15:05:12;Ni Tú Ni Nadie;Alaska Y Dinarama
melodiafm;2018/04/13 - 15:05:12;Hungry Eyes;Eric Carmen
melodiafm;2018/04/13 - 15:05:12;I Got You I Feel Good;James Brown
melodiafm;2018/04/13 - 16:05:52;Enola Gay;O.m.d.
melodiafm;2018/04/13 - 16:05:52;Strong Enough;Cher
melodiafm;2018/04/13 - 16:05:52;Canta Por Mi;El Último De La Fila
melodiafm;2018/04/13 - 16:05:52;I Wanna Dance With Some;Whitney Houton
melodiafm;2018/04/13 - 16:05:52;Vogue;Madonna
melodiafm;2018/04/13 - 16:05:52;Close To Me;The Cure
melodiafm;2018/04/13 - 16:05:52;Just Can't Get Enough;Depeche Mode
melodiafm;2018/04/13 - 16:05:52;It's Raining Men;Geri Halliwell
melodiafm;2018/04/13 - 16:05:52;Take On Me;A-ha
melodiafm;2018/04/13 - 16:05:52;No Me Importa Nada;Luz
melodiafm;2018/04/13 - 16:05:52;Karma Charmeleon;Culture Club
melodiafm;2018/04/13 - 16:05:52;Baker Street;Gerry Raferty
melodiafm;2018/04/13 - 16:05:52;Everybody Hurts;R.e.m.
melodiafm;2018/04/13 - 17:06:43;Another Day In Paradise;Phil Collins
melodiafm;2018/04/13 - 17:06:43;The Way You Make Me Feel;Michael Jackso...
melodiafm;2018/04/13 - 17:06:43;Corazon De Tiza;Radio Futura
melodiafm;2018/04/13 - 17:06:43;The Power;Snap
melodiafm;2018/04/13 - 17:06:43;Maneater;Hall & Oates
melodiafm;2018/04/13 - 17:06:43;Johnny And Mary;Robert Palmer
melodiafm;2018/04/13 - 17:06:43;I Can't Help Falling In Love;Ub40
melodiafm;2018/04/13 - 17:06:43;You Can Leave Your Hat On;Joe Cocker
melodiafm;2018/04/13 - 17:06:43;Maria;Blondie
melodiafm;2018/04/13 - 17:06:43;Don't Get Me Wrong;The Pretenders
melodiafm;2018/04/13 - 17:06:43;Cien Gaviotas;Duncan Dhu
melodiafm;2018/04/13 - 17:06:43;Self Control;Laura Branigan
melodiafm;2018/04/13 - 17:06:43;Ymca;Village People
melodiafm;2018/04/13 - 18:07:13;The Final Countdown;Europe
melodiafm;2018/04/13 - 18:07:13;Just Another Day;Jon Secada
melodiafm;2018/04/13 - 18:07:13;En El Muelle De San Blas;Maná
melodiafm;2018/04/13 - 18:07:13;Shout;Tears For Fears
melodiafm;2018/04/13 - 18:07:13;What Is Love;Haddaway
melodiafm;2018/04/13 - 18:07:13;Don't Dream It's Over;Crowded House
melodiafm;2018/04/13 - 18:07:13;Dancing In The Dark;B. Springsteen
melodiafm;2018/04/13 - 18:07:13;The Shoop Shoop Song;Cher
melodiafm;2018/04/13 - 18:07:13;Living On A Prayer;Bon Jovi
melodiafm;2018/04/13 - 18:07:13;A Quien Le Importa;Alaska Y Dinarama
melodiafm;2018/04/13 - 18:07:13;Message In A Bottle;The Police
melodiafm;2018/04/13 - 18:07:13;Ain't No Mountain High;M. Gaye & T. Ter...
melodiafm;2018/04/13 - 18:07:13;Friends Will Be Friends;Queen
melodiafm;2018/04/12 - 16:54:53;High;Lighthouse Family
melodiafm;2018/04/12 - 16:54:53;She Drives Me Crazy;Fine Young Cannibal
melodiafm;2018/04/12 - 16:54:53;A Quien Le Importa;Alaska Y Dinarama
melodiafm;2018/04/12 - 16:54:53;Life;Des'ree
melodiafm;2018/04/12 - 16:54:53;Don't Go;Yazoo
melodiafm;2018/04/12 - 16:54:53;Dance Little Sister;Terence Trent D'arb...
melodiafm;2018/04/12 - 16:54:53;Say What You Want;Texas
melodiafm;2018/04/12 - 16:54:53;Highway To Hell;Ac/dc
melodiafm;2018/04/12 - 16:54:53;Just Another Day;Jon Secada
melodiafm;2018/04/12 - 16:54:53;I Want It All;Queen
melodiafm;2018/04/12 - 16:54:53;Dejame;Secretos, Los
melodiafm;2018/04/12 - 16:54:53;I Still Haven't Found What...;U2
melodiafm;2018/04/12 - 16:54:53;Hot Stuff;Donna Summer
melodiafm;2018/04/12 - 17:05:04;Every Breath You Take;The Police
melodiafm;2018/04/12 - 17:05:04;Gangsta's Paradise;Coolio
melodiafm;2018/04/12 - 17:05:04;Mil Calles;La Guardia
melodiafm;2018/04/12 - 17:05:04;Fame;Irene Cara
melodiafm;2018/04/12 - 17:05:04;Crazy;Aerosmith
melodiafm;2018/04/12 - 17:05:04;Brilliant Disguise;Bruce Springsteen
melodiafm;2018/04/12 - 17:05:04;The Locomotion;Kylie Minogue
melodiafm;2018/04/12 - 17:05:04;It Ain't Over Till It's Over;Lenny Krav...
melodiafm;2018/04/12 - 17:05:04;Part-time Lover;Stevie Wonder
melodiafm;2018/04/12 - 17:05:04;Pajaros De Barro;Manolo Garcia
melodiafm;2018/04/12 - 17:05:04;Don't Leave Me This Way;The Communards
melodiafm;2018/04/12 - 17:05:04;Dancing Queen;Abba
melodiafm;2018/04/12 - 17:05:04;Everything I Do I Do It For You;B.adams...
melodiafm;2018/04/12 - 18:08:04;Dreams;The Cranberries
melodiafm;2018/04/12 - 18:08:04;There Must Be An Angel;Eurythmics
melodiafm;2018/04/12 - 18:08:04;Una Calle De París;Duncan Dhu
melodiafm;2018/04/12 - 18:08:04;How Do You Do;Roxette
melodiafm;2018/04/12 - 18:08:04;Eye In The Sky;The Alan Parsons Proyect...
melodiafm;2018/04/12 - 18:08:04;Two People;Tina Turner
melodiafm;2018/04/12 - 18:08:04;All That She Wants;Ace Of Base
melodiafm;2018/04/12 - 18:08:04;Cant Take My Eyes Of You;Boys Town Gang...
melodiafm;2018/04/12 - 18:08:04;Enjoy The Silence;Depeche Mode
melodiafm;2018/04/12 - 18:08:04;Papa Don't Preach;Madonna
melodiafm;2018/04/12 - 18:08:04;Barco A Venus;Mecano
melodiafm;2018/04/12 - 18:08:04;I Want To Break Free;Queen
melodiafm;2018/04/12 - 18:08:04;Rivers Of Babylon;Boney M
melodiafm;2018/04/12 - 19:03:12;Never Gonna Give You Up;Rick Astley
melodiafm;2018/04/12 - 19:03:12;If You Could Read My Mind;Stars On 54
melodiafm;2018/04/12 - 19:03:12;El Límite;La Frontera
melodiafm;2018/04/12 - 19:03:12;I Wanna Dance With Some;Whitney Houton
melodiafm;2018/04/12 - 19:03:12;Losing My Religion;R.e.m.
melodiafm;2018/04/12 - 19:03:12;So Far Away;Dire Straits
melodiafm;2018/04/12 - 19:03:12;Smooth Criminal;Michael Jackson
melodiafm;2018/04/12 - 19:03:12;Angels;Robbie Williams
melodiafm;2018/04/12 - 19:03:12;Words;Fr David
melodiafm;2018/04/12 - 19:03:12;Santa Lucía;Miguel Ríos
melodiafm;2018/04/12 - 19:03:12;Faith;George Michael
melodiafm;2018/04/12 - 19:03:12;Greased Lightning;John Travolta
melodiafm;2018/04/12 - 19:03:12;Sexual Healing;Marvin Gaye
kissfm;2018/04/12 - 18:22:49;WOULD I LIE TO YOU;CHARLES & EDDIE
kissfm;2018/04/12 - 18:24:22;I WILL LOVE AGAIN;LARA FABIAN
kissfm;2018/04/12 - 18:27:31;HUNGRY EYES;ERIC CARMEN
kissfm;2018/04/12 - 18:35:32;DON´T LEAVE ME THIS WAY;THE COMMUNARDS
kissfm;2018/04/12 - 18:40:11;GENIE IN A BOTTLE;CHRISTINA AGUILERA
kissfm;2018/04/12 - 18:43:51;CARELESS WHISPER;GEORGE MICHAEL
kissfm;2018/04/12 - 18:48:30;THAT´S THE WAY IT IS;CELINE DION
kissfm;2018/04/12 - 18:51:34;FREE;ULTRA NATÉ
kissfm;2018/04/12 - 18:54:43;99 RED BALLOONS;NENA
kissfm;2018/04/12 - 19:00:50;INFORMACIÓN;CON ISMAEL ARRANZ
kissfm;2018/04/12 - 19:03:54;THE WAY YOU MAKE ME FEEL;MICHAEL JACKSON
kissfm;2018/04/12 - 19:08:33;RAINCLOUD;LIGHTHOUSE FAMILY
kissfm;2018/04/12 - 19:18:42;EASY LOVER;PHIL COLLINS & PHILIP BALLEY
kissfm;2018/04/12 - 19:21:49;I WANT IT THAT WAY;BACKSTREET BOYS
kissfm;2018/04/12 - 19:26:31;OUT OF REACH;GABRIELLE
kissfm;2018/04/12 - 19:29:36;DON´T YOU WANT ME;THE HUMAN LEAGUE
kissfm;2018/04/12 - 19:37:23;VOGUE;MADONNA
icat;2018/04/13 - 12:13:50;SAVE ME;EMBRACE
icat;2018/04/13 - 12:17:03;RODEO;QTY
icat;2018/04/13 - 12:18:34;LABERINT;ÈRIC VINAIXA
icat;2018/04/13 - 12:23:13;HEY BOY;SHE-DEVILS
icat;2018/04/13 - 12:26:20;I WON'T BACK DOWN;TOM PETTY
icat;2018/04/13 - 12:29:25;IGUALS;JORDI GAS
icat;2018/04/13 - 12:33:39;PEARLY GATES;U.S. GIRLS
icat;2018/04/13 - 12:36:42;THE SYSTEM ONLY DREAMS IN TOTAL DARKNESS;THE NATIONAL
icat;2018/04/13 - 12:39:44;COM PUC SABER EL QUE PENSES;EL PETIT DE CAL ERIL
icat;2018/04/13 - 12:42:49;LOVELESS;LITTLE CUB
icat;2018/04/13 - 12:47:24;REVENGE;P!NK
icat;2018/04/13 - 12:48:59;DONA OCELL;ISAAC ULAM
icat;2018/04/13 - 12:52:02;WANNABE;SPICE GIRLS
icat;2018/04/13 - 12:55:10;YOU KNOW IT'S RIGHT;STAY
icat;2018/04/13 - 12:58:19;EL BON AMOR;JOAN MASDÉU
icat;2018/04/13 - 13:04:31;SUMMER DAYS (ROOSEVELT REMIX);RHYE
icat;2018/04/13 - 13:07:39;HORSERIDING;ANOTHER SUNNY DAY
icat;2018/04/13 - 13:09:10;ANOTHER ROAD;MORGAN
icat;2018/04/13 - 13:13:44;NO PEACE;SYD ARTHUR
icat;2018/04/13 - 13:16:52;TAN VALENT;THE NEW RAEMON
icat;2018/04/13 - 13:19:55;TO ROME;DEEPEND
icat;2018/04/13 - 13:21:32;ANOTHER ONE BITES THE DUST;QUEEN
icat;2018/04/13 - 13:24:40;QUI T'ESTIMA;GENER
icat;2018/04/13 - 13:29:20;EASY BABY;HUDSON TAYLOR
icat;2018/04/13 - 13:32:24;BASEBALL;HIPPO CAMPUS
icat;2018/04/13 - 13:37:04;BELLAVISTA;ILLA CAROLINA
icat;2018/04/13 - 13:40:12;IN TROUBLE;JOEL SARAKULA
icat;2018/04/13 - 13:43:20;SOMEDAY;PALE SEAS
icat;2018/04/13 - 13:46:28;LA PALMERA;NICO ROIG
icat;2018/04/13 - 13:49:33;REAL GONE KID;DEACON BLUE
icat;2018/04/13 - 13:54:11;BLOSSOM;MILKY CHANCE
icat;2018/04/13 - 13:57:21;EN DIFERENTS PAPERS;ORIOL BARRI
icat;2018/04/13 - 14:00:30;FIGHT OR FLIGHT OR DANCE ALL NIGHT;KOMMODE
icat;2018/04/13 - 14:05:11;BOYFRIEND (REPEAT);CONFIDENCE MAN
icat;2018/04/13 - 14:09:51;BILL DRUMMOND SAID;JULIAN COPE
icat;2018/04/13 - 14:11:25;LOVE ME DO;ROLLER DISCO COMBO
icat;2018/04/13 - 14:14:33;NOSTÀLGIA OLÍMPICA;MARETA BUFONA
icat;2018/04/13 - 14:17:40;LOVE YOU SO BAD;EZRA FURMAN
icat;2018/04/13 - 14:20:49;LADY MARMALADE;LABELLE
icat;2018/04/13 - 14:23:59;PEDRES ALS AVIONS;OQUES GRASSES
icat;2018/04/13 - 14:27:01;WISH (FEAT. TRIPPIE REDD);DIPLO
icat;2018/04/13 - 14:30:09;SPIRAL SKIES;THE LAZY LIES
icat;2018/04/13 - 14:33:14;AIXÒ ÉS CASA NOSTRA;CORIOLÀ
icat;2018/04/13 - 14:37:54;MI FAMOSO GANCHO DE IZQUIERDA;EGON SODA
icat;2018/04/13 - 14:41:09;DON'T STOP THE DANCE;BIGOTT
icat;2018/04/13 - 14:42:40;PLÀSTIK;BIKIMEL
icat;2018/04/13 - 14:47:14;PERFECT;SMASHING PUMPKINS
icat;2018/04/13 - 14:50:24;HAPPY HOUR;WEEZER
icat;2018/04/13 - 14:53:31;COMEBACK KIDS;THE JAYHAWKS
icat;2018/04/13 - 14:56:38;PARAULES D'UNA DONA SÀVIA;EXILI A ELBA
icat;2018/04/13 - 15:01:20;THERE'S A HONEY;PALE WAVES
icat;2018/04/13 - 15:04:28;BORN IN THE 70'S;ED HARCOURT
icat;2018/04/13 - 15:07:38;PRICE OF FAME;PALOMA FAITH
icat;2018/04/13 - 15:10:44;FOR ELISE;SAINT MOTEL
icat;2018/04/13 - 15:13:53;DIGUEM BLAT;PAU VALLVÉ
icat;2018/04/13 - 15:17:00;WE ALL DIE YOUNG;THE DECEMBERISTS
icat;2018/04/13 - 15:23:12;EL ROURE;SOTRAC
icat;2018/04/13 - 15:42:51;LOST CAT;CATATONIA
icat;2018/04/13 - 15:44:23;NOCHES BLANCAS;DORIAN
icat;2018/04/13 - 15:47:30;TXIN-TXIN;LA TERRASSETA DE PREIXENS
icat;2018/04/13 - 15:50:52;SCROLLING DOWN;BEACH BEACH
icat;2018/04/13 - 15:53:59;WAITING FOR YOU;BEAROID
icat;2018/04/13 - 15:57:04;GROWING FREE (FEAT. REDBLEND);HOMES LLÚDRIGA
icat;2018/04/13 - 16:05:01;IN THE NIGHT;CLAPTONE
icat;2018/04/13 - 16:08:10;WHAT IF;NORA NORMAN
icat;2018/04/13 - 16:11:13;OPTIMISTIC FOOL;THE POOH STICKS
icat;2018/04/13 - 16:12:50;ANA Y LOS PÁJAROS;CHRISTINA ROSENVINGE
icat;2018/04/13 - 16:17:31;LA FLOR;XARIM ARESTÉ
icat;2018/04/13 - 16:22:13;TROUBLE;SAM OUTLAW
icat;2018/04/13 - 16:25:19;DECEMBER, 1963 (OH, WHAT A NIGHT);THE FOUR SEASONS
icat;2018/04/13 - 16:28:29;EL PRIMER MINUT;L'EXÈRCIT D'ISLÀNDIA
icat;2018/04/13 - 16:43:51;DARK DAYS;LOCAL NATIVES
icat;2018/04/13 - 16:46:54;FEEL THE LOVE GO;FRANZ FERDINAND
icat;2018/04/13 - 16:50:02;DE MICA EN MICA;PETIT
icat;2018/04/13 - 16:51:39;WE'RE THE SAME;MATTHEW SWEET
icat;2018/04/13 - 16:54:45;FOR WHAT IT'S WORTH;LIAM GALLAGHER
icat;2018/04/13 - 16:57:58;VENTILADORS;ZOO
icat;2018/04/13 - 17:02:01;no info;no info
icat;2018/04/13 - 17:05:04;LOVE SO SOFT;KELLY CLARKSON
icat;2018/04/13 - 17:06:40;THE DAWN PATROL;RIDE
icat;2018/04/13 - 17:11:21;LET'S GET THIS OVER WITH;THEY MIGHT BE GIANTS
icat;2018/04/13 - 17:14:24;SHORT TERM MEMORY;THE LEGAL MATTERS
icat;2018/04/13 - 17:17:32;DUBTES EN EL VENT;GUIEM SOLDEVILA
icat;2018/04/13 - 17:20:39;LOVE ON THE BRAIN (GIGAMESH REMIX);RIHANNA
icat;2018/04/13 - 17:23:43;CRAZY FEELING;LOU REED
icat;2018/04/13 - 17:26:49;CENT ANYS;DESPERTADORS ATÒMICS
icat;2018/04/13 - 17:29:59;no info;no info
icat;2018/04/13 - 17:31:31;THE WEIGHT IS GONE;ALBIN LEE MELDAU
icat;2018/04/13 - 17:34:40;FURTHER;DJANGO DJANGO
icat;2018/04/13 - 17:43:11;MALDICIÓN;BRIGHTON 64
icat;2018/04/13 - 17:44:44;FEEL IT STILL;PORTUGAL. THE MAN
icat;2018/04/13 - 17:46:19;MÉS FÀCIL;XANGUITO
icat;2018/04/13 - 17:51:03;ROME WASN'T BUILT IN A DAY;MORCHEEBA
icat;2018/04/13 - 17:54:12;MAYBE TOMORROW;STEREOPHONICS
icat;2018/04/13 - 17:57:20;REINA D'ANGLATERRA;SENIOR I EL COR BRUTAL AMB LA SÍNDROME LOMAX
icat;2018/04/13 - 18:00:24;no info;no info
icat;2018/04/13 - 18:05:10;LOSING YOU;BOY PABLO
icat;2018/04/13 - 18:06:43;MY MY MY!;TROYE SIVAN
icat;2018/04/13 - 18:11:23;ALL;SATELLITE STORIES
icat;2018/04/12 - 15:58:14;BIDENT;PAU BLANC
icat;2018/04/12 - 16:04:32;PARALYZED;HARRIET BROWN
icat;2018/04/12 - 16:06:35;SHORT COURT STYLE;NATALIE PRASS
icat;2018/04/12 - 16:10:31;POSITIVITY;SUEDE
icat;2018/04/12 - 16:13:39;ALL THAT MATTERS;NEUMAN
icat;2018/04/12 - 16:16:43;QUANT AMOR TENS A DINS?;GUILLEM RAMISA
icat;2018/04/12 - 16:19:50;LOVE ME RIGHT;AMBER MARK
icat;2018/04/12 - 16:24:29;BLISTER IN THE SUN;VIOLENT FEMMES
icat;2018/04/12 - 16:27:32;PROJECTE 3;ROIG!
icat;2018/04/12 - 16:31:09;NEW HOUSES;TWO DOOR CINEMA CLUB
icat;2018/04/12 - 16:34:14;SALTWATER;GEOWULF
icat;2018/04/12 - 16:39:00;MARIONA;LA IAIA
icat;2018/04/12 - 16:42:04;SIGLO XX;SIDONIE
icat;2018/04/12 - 16:45:11;8TEEN;KHALID
icat;2018/04/12 - 16:48:20;MART A CAPRICORN;ALBERT MOLINA
icat;2018/04/12 - 16:51:23;THE ONLY ONE I KNOW;THE CHARLATANS
icat;2018/04/12 - 16:57:22;EL TRESOR;SENYOR OCA
icat;2018/04/12 - 17:03:59;WAIT;TURIN BRAKES
icat;2018/04/12 - 17:07:20;THE PILOT;CLAP YOUR HANDS SAY YEAH
icat;2018/04/12 - 17:10:23;FARAWAY EYES;GORKY'S ZYGOTIC MYNCI
icat;2018/04/12 - 17:13:32;HOMEMADE DYNAMITE;LORDE
icat;2018/04/12 - 17:16:39;BOOMERANG;MANEL
icat;2018/04/12 - 17:24:42;DANCING WITH MYSELF;BILLY IDOL
icat;2018/04/12 - 17:27:44;IMPOSSIBLE;DEPT.
icat;2018/04/12 - 17:32:50;COULD'VE BEEN;RYD
icat;2018/04/12 - 17:35:52;SPENT THE DAY IN BED;MORRISSEY
icat;2018/04/12 - 17:39:01;SHUFFLE;BOMBAY BICYCLE CLUB
icat;2018/04/12 - 17:44:24;OXIGEN;NANDO CABALLERO
icat;2018/04/12 - 17:45:58;THAT GIRL;SALUTE
icat;2018/04/12 - 17:49:09;LES OMBRES;NUA
icat;2018/04/12 - 17:52:12;GIRLS ON MY MIND;DAVID BYRNE
icat;2018/04/12 - 17:56:51;RECORDS;MOSTASSA
icat;2018/04/12 - 18:07:14;DRIVIN' ON 9;THE BREEDERS
icat;2018/04/12 - 18:10:20;ANOTHER ROAD;MORGAN
icat;2018/04/12 - 18:14:54;HAZY SHADES;THOMAS COHEN
icat;2018/04/12 - 18:18:01;CAPITÀ;RAN RAN RAN
icat;2018/04/12 - 18:19:33;SIT NEXT TO ME;FOSTER THE PEOPLE
icat;2018/04/12 - 18:24:11;LULLABY;THE CURE
icat;2018/04/12 - 18:34:33;PRAY FOR ME (FEAT. KENDRICK LAMAR);THE WEEKND
icat;2018/04/12 - 18:36:04;SQUARE ROOM;MAX MESER
icat;2018/04/12 - 18:39:14;NATURA MORTA;MAZONI
icat;2018/04/12 - 18:42:30;MONTANA;JUSTIN TIMBERLAKE
icat;2018/04/12 - 18:45:34;BITTER MOON;GARDEN CITY MOVEMENT
icat;2018/04/12 - 18:48:40;ESTIC CONTENT;ALBERT JORDÀ
icat;2018/04/12 - 18:51:50;COMING IN FROM THE COLD;THE DELGADOS
icat;2018/04/12 - 18:54:54;TONIGHT;FITNESS FOREVER
icat;2018/04/12 - 18:59:39;UN LLAMP I UN TRO;XARIM ARESTÉ
europafm;2018/04/12 - 17:32:36;Perfect;Ed Sheeran
europafm;2018/04/12 - 17:32:36;What Lovers Do;Maroon5 Ft Sza
europafm;2018/04/12 - 17:32:36;Guerra Civil;Vetusta Morla
europafm;2018/04/12 - 17:32:36;I Feel It Coming;Theweeknd Ft...
europafm;2018/04/12 - 17:32:36;I Gotta Feeling;Black Eyed Peas...
europafm;2018/04/12 - 17:32:36;Never Be The Same;Camila Cabello
europafm;2018/04/12 - 17:32:36;Hey Soul Sister;Train
europafm;2018/04/12 - 17:32:36;El Baño;Enrique Iglesias
europafm;2018/04/12 - 17:32:36;Breathe;Jax Jones
europafm;2018/04/12 - 17:32:36;Locked Out Of Heaven;Bruno Mars...
europafm;2018/04/12 - 17:32:36;La Llamada;Leiva
europafm;2018/04/12 - 17:32:36;Paparazzi;Lady Gaga
europafm;2018/04/12 - 17:32:36;In My Blood;Shawn Mendes
europafm;2018/04/12 - 17:32:36;Partiendo La Pana;Estopa
europafm;2018/04/12 - 17:32:36;No Money;Galantis
europafm;2018/04/12 - 18:07:51;Issues;Julia Michaels
europafm;2018/04/12 - 18:07:51;Besos En Guerra;Morat Y Juanes
europafm;2018/04/12 - 18:07:51;Thunder;Imagine Dragons
europafm;2018/04/12 - 18:07:51;Cuando Todas Las Historias Se Acaban;Maldita Nerea Y Leire
europafm;2018/04/12 - 18:07:51;By The Way;Red Hot Chili Pepper...
europafm;2018/04/12 - 18:07:51;Flames;David Guetta Ft Sia
europafm;2018/04/12 - 18:07:51;Don't Stop The Music Edit;Rihan...
europafm;2018/04/12 - 18:07:51;El Pozo;Izal
europafm;2018/04/12 - 18:07:51;Cry Cry Cry;Oceana
europafm;2018/04/12 - 18:07:51;Lo Malo;Aitana Ocaña Y Ana Guerra
europafm;2018/04/12 - 18:07:51;Havana;Camila Cabello
europafm;2018/04/12 - 18:07:51;Hymn For The Weekend;Coldplay
europafm;2018/04/12 - 18:07:51;Una Foto En Blanco Y;El Canto D Loco
europafm;2018/04/12 - 18:07:51;There Is Nothing Holding Me Back;...
europafm;2018/04/12 - 18:07:51;Locked Away;R City Ft Adam Levi...
europafm;2018/04/12 - 19:06:32;Feel It Still;Portugal The Man
europafm;2018/04/12 - 19:06:32;How Long;Charlie Puth
europafm;2018/04/12 - 19:06:32;Amor Con Hielo;Morat
europafm;2018/04/12 - 19:06:32;Katchi;Ofenbach
europafm;2018/04/12 - 19:06:32;Played A Live;Safri Duo
europafm;2018/04/12 - 19:06:32;Want You Back;5 Seconds Of Summer
europafm;2018/04/12 - 19:06:32;Lady Marmalade;Christina Aguilera
europafm;2018/04/12 - 19:06:32;Entre Dos Mares;Fito Y Fitipaldis
europafm;2018/04/12 - 19:06:32;Dusk Till Dawn;Zayn Ft Sia
europafm;2018/04/12 - 19:06:32;Give Me Everything;Pitbull Ft N...
europafm;2018/04/12 - 19:06:32;Corazon;Maluma
europafm;2018/04/12 - 19:06:32;Say It Right;Nelly Furtado
europafm;2018/04/12 - 19:06:32;Midnight;Monarchy
europafm;2018/04/12 - 19:06:32;Todo;Pereza
europafm;2018/04/12 - 19:06:32;King;Years & Years
europafm;2018/04/13 - 12:20:35;Feel It Still;Portugal The Man
europafm;2018/04/13 - 12:20:35;Issues;Julia Michaels
europafm;2018/04/13 - 12:20:35;El Perdon;Nicky Jam Y Enrique Iglesias...
europafm;2018/04/13 - 12:20:35;Galway Girl;Ed Sheeran
europafm;2018/04/13 - 12:20:35;How To Save A Life Edit;The Fra...
europafm;2018/04/13 - 12:20:35;These Days;Rudimental
europafm;2018/04/13 - 12:20:35;I'm A Believer;Smash Mouth
europafm;2018/04/13 - 12:20:35;Entre Dos Mares;Fito Y Fitipaldis
europafm;2018/04/13 - 12:20:35;Breathe;Jax Jones
europafm;2018/04/13 - 12:20:35;Stay With Me;Sam Smith
europafm;2018/04/13 - 12:20:35;Corazon;Maluma
europafm;2018/04/13 - 12:20:35;Toxic;Britney Spears
europafm;2018/04/13 - 12:20:35;Say Something;Justin Timberlake
europafm;2018/04/13 - 12:20:35;Princesas;Pereza
europafm;2018/04/13 - 12:20:35;Die Young;Kesha
europafm;2018/04/13 - 13:03:49;There Is Nothing Holding Me Back;...
europafm;2018/04/13 - 13:03:49;Echame La Culpa;Luis Fonsi Y Demi Lobato
europafm;2018/04/13 - 13:03:49;It Ain't Me;Kygo And Selena Gom...
europafm;2018/04/13 - 13:03:49;Yo Contigo Y Tu Conmigo;Morat Y A...
europafm;2018/04/13 - 13:03:49;Crazy In Love;Beyonce
europafm;2018/04/13 - 13:03:49;I Miss U;Clean Bandit Ft Julia Michaels
europafm;2018/04/13 - 13:03:49;Empire State Of Mind;Jay-z Feat...
europafm;2018/04/13 - 13:03:49;El Pozo;Izal
europafm;2018/04/13 - 13:03:49;Only Girl In The World;Rihanna
europafm;2018/04/13 - 13:03:49;Never Be The Same;Camila Cabello
europafm;2018/04/13 - 13:03:49;What About Us;Pink
europafm;2018/04/13 - 13:03:49;If I Lose Myself;One Republic V...
europafm;2018/04/13 - 13:03:49;Puede Ser;Ecdl & Amaia Montero
europafm;2018/04/13 - 13:03:49;What Lovers Do;Maroon5 Ft Sza
europafm;2018/04/13 - 13:03:49;Get Lucky;Daft Punk Ft Pharrell...
europafm;2018/04/13 - 14:05:21;Perfect;Ed Sheeran
europafm;2018/04/13 - 14:05:21;How Long;Charlie Puth
europafm;2018/04/13 - 14:05:21;Vivir Mi Vida;Marc Anthony
europafm;2018/04/13 - 14:05:21;Finesse;Bruno Mars Ft Cardi B
europafm;2018/04/13 - 14:05:21;Cry Cry Cry;Oceana
europafm;2018/04/13 - 14:05:21;Flames;David Guetta Ft Sia
europafm;2018/04/13 - 14:05:21;Hey Soul Sister;Train
europafm;2018/04/13 - 14:05:21;Perro Fiel;Shakira Feat Nicky Jam
europafm;2018/04/13 - 14:05:21;For You;Liam Payne Y Rita Ora
europafm;2018/04/13 - 14:05:21;Mama;Jonas Blue Ft William Sing...
europafm;2018/04/13 - 14:05:21;La Llamada;Leiva
europafm;2018/04/13 - 14:05:21;Just Dance;Lady Gaga
europafm;2018/04/13 - 14:05:21;In My Blood;Shawn Mendes
europafm;2018/04/13 - 14:05:21;Me Falta El Aliento;Estopa
europafm;2018/04/13 - 14:05:21;Feel This Moment;Pitbull Ft Agu...
europafm;2018/04/13 - 15:07:15;Spinning Over You;Reyko
europafm;2018/04/13 - 15:07:15;Besos En Guerra;Morat Y Juanes
europafm;2018/04/13 - 15:07:15;Rockstar;Post Malone 21 Savage
europafm;2018/04/13 - 15:07:15;Deseame Suerte;Vetusta Morla
europafm;2018/04/13 - 15:07:15;Clocks;Coldplay
europafm;2018/04/13 - 15:07:15;Want You Back;5 Seconds Of Summer
europafm;2018/04/13 - 15:07:15;What A Feeling;Dj Bobo Ft Irene
europafm;2018/04/13 - 15:07:15;Downtown;Anitta & J Balvin
europafm;2018/04/13 - 15:07:15;Club Can't Handle Me;Florida Ft...
europafm;2018/04/13 - 15:07:15;Lo Malo;Aitana Ocaña Y Ana Guerra
europafm;2018/04/13 - 15:07:15;Havana;Camila Cabello
europafm;2018/04/13 - 15:07:15;Waves;Mr Probz
europafm;2018/04/13 - 15:07:15;El Secreto De Las Tortugas 2010;...
europafm;2018/04/13 - 15:07:15;Dusk Till Dawn;Zayn Ft Sia
europafm;2018/04/13 - 15:07:15;Young Girls;Bruno Mars
europafm;2018/04/13 - 16:03:42;Feel It Still;Portugal The Man
europafm;2018/04/13 - 16:03:42;Wolves;Selena Gomez
europafm;2018/04/13 - 16:03:42;La Gozadera;Gente De Zona
europafm;2018/04/13 - 16:03:42;Katchi;Ofenbach
europafm;2018/04/13 - 16:03:42;We Werent Born To Follow;Bon Jovi
europafm;2018/04/13 - 16:03:42;Midnight;Monarchy
europafm;2018/04/13 - 16:03:42;Feel;Robbie Williams
europafm;2018/04/13 - 16:03:42;Que Me Esta Pasando;Efecto Mariposa
europafm;2018/04/13 - 16:03:42;Shape Of You;Ed Sheeran
europafm;2018/04/13 - 16:03:42;Firework;Katy Perry
europafm;2018/04/13 - 16:03:42;Corazon;Maluma
europafm;2018/04/13 - 16:03:42;Viva La Vida;Coldplay
europafm;2018/04/13 - 16:03:42;Say Something;Justin Timberlake
europafm;2018/04/13 - 16:03:42;Antes De Que Cuente 10;Fito &fitipaldis...
europafm;2018/04/13 - 16:03:42;Locked Away;R City Ft Adam Levi...
europafm;2018/04/13 - 17:06:50;Anywhere;Rita Ora
europafm;2018/04/13 - 17:06:50;Echame La Culpa;Luis Fonsi Y Demi Lobato
europafm;2018/04/13 - 17:06:50;New Rules;Dua Lipa
europafm;2018/04/13 - 17:06:50;Me Quedare;Estopa
europafm;2018/04/13 - 17:06:50;Memories;David Guetta Y Kid Cud...
europafm;2018/04/13 - 17:06:50;These Days;Rudimental
europafm;2018/04/13 - 17:06:50;Ayo Technology;Milow
europafm;2018/04/13 - 17:06:50;No Vaya A Ser;Pablo Alboran
europafm;2018/04/13 - 17:06:50;Back To Black;Amy Winehouse
europafm;2018/04/13 - 17:06:50;I Miss U;Clean Bandit Ft Julia Michaels
europafm;2018/04/13 - 17:06:50;What About Us;Pink
europafm;2018/04/13 - 17:06:50;Sorry;Justin Bieber
europafm;2018/04/13 - 17:06:50;Te Regalo;Carlos Baute
europafm;2018/04/13 - 17:06:50;All Falls Down;Alan Walker Ft Noah Cyrus
europafm;2018/04/13 - 17:06:50;I Love It;Icona Pop
europafm;2018/04/13 - 18:03:21;Perfect;Ed Sheeran
europafm;2018/04/13 - 18:03:21;Breathe;Jax Jones
europafm;2018/04/13 - 18:03:21;Reggaeton Lento;Cnco
europafm;2018/04/13 - 18:03:21;Miracles;Coldplay Ft Big Sean
europafm;2018/04/13 - 18:03:21;Stereolove;Edward Maya & Vika J...
europafm;2018/04/13 - 18:03:21;Never Be The Same;Camila Cabello
europafm;2018/04/13 - 18:03:21;Wake Me Up When September Ends;Green Day
europafm;2018/04/13 - 18:03:21;El Baño;Enrique Iglesias
europafm;2018/04/13 - 18:03:21;What Lovers Do;Maroon5 Ft Sza
europafm;2018/04/13 - 18:03:21;We Found Love;Rihanna
europafm;2018/04/13 - 18:03:21;La Llamada;Leiva
europafm;2018/04/13 - 18:03:21;Let's Get It Started;Bep
europafm;2018/04/13 - 18:03:21;In My Blood;Shawn Mendes
europafm;2018/04/13 - 18:03:21;Zapatillas;El Canto Del Loco
europafm;2018/04/13 - 18:03:21;Drive By;Train
kissfm;2018/04/13 - 12:14:13;PATIENCE;TAKE THAT
kissfm;2018/04/13 - 12:15:45;XANADU;OLIVIA NEWTON-JOHN
kissfm;2018/04/13 - 12:20:23;WITHOUT YOU;MARIAH CAREY
kissfm;2018/04/13 - 12:23:30;THIS LOVE;MAROON 5
kissfm;2018/04/13 - 12:34:22;YOU ARE NOT ALONE;MICHAEL JACKSON
kissfm;2018/04/13 - 12:39:03;DON´T ANSWER ME;ALAN PARSON'S PROJECT
kissfm;2018/04/13 - 13:47:45;FALLIN´;ALICIA KEYS
kissfm;2018/04/13 - 13:49:20;SAY WHAT YOU WANT;TEXAS
kissfm;2018/04/13 - 13:52:23;VIVA LA VIDA;COLDPLAY
kissfm;2018/04/13 - 13:53:54;FATHER FIGURE;GEORGE MICHAEL
kissfm;2018/04/13 - 13:59:03;PUBLICIDAD;
kissfm;2018/04/13 - 14:08:30;SMOOTH;SANTANA & ROB THOMAS
kissfm;2018/04/13 - 14:58:52;PUBLICIDAD;
kissfm;2018/04/13 - 15:01:59;INFORMACIÓN;CON ISMAEL ARRANZ
kissfm;2018/04/13 - 15:03:32;THE LOOK;ROXETTE
kissfm;2018/04/13 - 15:11:21;IT´S NOT UNUSUAL;TOM JONES
kissfm;2018/04/13 - 15:16:03;THE LOOK OF LOVE;ABC
kissfm;2018/04/13 - 15:43:04;BACK TO BLACK;AMY WINEHOUSE
kissfm;2018/04/13 - 15:46:12;HOLIDAY;MADONNA
kissfm;2018/04/13 - 15:49:22;I DON'T WANT TO MISS A THING;AEROSMITH
kissfm;2018/04/13 - 16:13:04;WHAT´S UP;FOUR NON BLONDES
kissfm;2018/04/13 - 16:18:33;THE EDGE OF HEAVEN;WHAM!
kissfm;2018/04/13 - 16:23:13;WHEN YOU SAY NOTHING AT ALL;RONAN KEATING
kissfm;2018/04/13 - 16:27:52;EVERYBODY´S TALKIN´;HARRY NILSSON
kissfm;2018/04/13 - 16:34:03;UP WHERE WE BELONG;JOE COCKER & JENNIFER WARNES
kissfm;2018/04/13 - 16:38:44;HAVE YOU EVER REALLY LOVED A WOMAN?;BRYAN ADAMS & PACO DE LUCIA
kissfm;2018/04/13 - 16:43:22;I WANT TO BREAK FREE;QUEEN
kissfm;2018/04/13 - 16:46:29;NEVER GONNA GIVE YOU UP;RICK ASTLEY
kissfm;2018/04/13 - 16:48:01;BREATHLESS;THE CORRS
kissfm;2018/04/13 - 16:51:04;I DON'T WANT A LOVER;TEXAS
kissfm;2018/04/13 - 16:55:42;I WILL ALWAYS LOVE YOU;WHITNEY HOUSTON
kissfm;2018/04/13 - 16:58:49;INFORMACIÓN;CON ISMAEL ARRANZ
kissfm;2018/04/13 - 17:02:08;ROXANNE;THE POLICE
kissfm;2018/04/13 - 17:05:13;I´M SO EXCITED;THE POINTER SISTERS
kissfm;2018/04/13 - 17:11:41;WE ARE YOUNG;FUN
kissfm;2018/04/13 - 17:15:21;WE ARE YOUNG;FUN
kissfm;2018/04/13 - 17:20:01;LOVE IS ALL AROUND;WET WET WET
kissfm;2018/04/13 - 17:24:34;CLOCKS;COLDPLAY
kissfm;2018/04/13 - 17:29:13;TWO HEARTS;PHIL COLLINS
kissfm;2018/04/13 - 17:39:59;YOU GET WHAT YOU GIVE;NEW RADICALS
kissfm;2018/04/13 - 17:43:53;NEVER GONNA GIVE YOU UP;RICK ASTLEY
kissfm;2018/04/13 - 17:48:29;ALL OF ME;JOHN LEGEND
kissfm;2018/04/13 - 17:53:01;MISSING YOU;TINA TURNER
kissfm;2018/04/13 - 18:00:50;INFORMACIÓN;CON ISMAEL ARRANZ
kissfm;2018/04/13 - 18:05:23;SMOOTH CRIMINAL;MICHAEL JACKSON
kissfm;2018/04/13 - 18:08:29;BIG BIG WORLD;EMILIA
kissfm;2018/04/13 - 18:13:01;FIREWORK;KATY PERRY
kissfm;2018/04/13 - 18:17:34;I JUST CALLED TO SAY I LOVE YOU;STEVIE WONDER
kissfm;2018/04/13 - 18:23:54;ENJOY THE SILENCE;DEPECHE MODE
kissfm;2018/04/13 - 18:28:30;MERCY;DUFFY
kissfm;2018/04/13 - 18:30:02;SIGN YOUR NAME;TERENCE TRENT D´ARBY
kissfm;2018/04/13 - 18:35:53;SIGN YOUR NAME;TERENCE TRENT D´ARBY
kissfm;2018/04/13 - 18:38:55;SHINY HAPPY PEOPLE;REM
kissfm;2018/04/13 - 18:42:00;SMOOTH OPERATOR;SADE
kissfm;2018/04/13 - 18:46:34;MORE THAN THIS;10,000 MANIACS
kissfm;2018/04/13 - 18:54:13;BEAUTIFUL;CHRISTINA AGUILERA
cadena100;2018/04/13 - 18:10:11;A partir de hoy;David Bisbal y Sebastian Yatra
cadena100;2018/04/13 - 18:11:44;Las de la intuición;Shakira
cadena100;2018/04/13 - 18:14:53;I miss you;Clean bandit y Julia Michaels
cadena100;2018/04/13 - 18:18:01;El 28;La oreja de Van Gogh
cadena100;2018/04/13 - 18:21:12;Échame la culpa;Luis Fonsi y Demi Lovato
cadena100;2018/04/13 - 18:24:21;Only girl (in the world);Rihanna
cadena100;2018/04/13 - 18:27:50;How long;Charlie Puth
cadena100;2018/04/13 - 18:30:58;Besos;El canto del loco
cadena100;2018/04/13 - 18:34:05;Shiny happy people;R.E.M.
cadena100;2018/04/13 - 18:38:50;no info;no info
cadena100;2018/04/13 - 18:40:22;Want to want me;Jason Derulo
cadena100;2018/04/13 - 18:43:31;Voy a pasármelo bien;Hombres G
cadena100;2018/04/13 - 18:48:23;Te quise tanto;Paulina Rubio
cadena100;2018/04/13 - 18:53:10;Viva la vida;Coldplay
cadena100;2018/04/13 - 18:56:22;Quiero verte;Marta Soto
cadena100;2018/04/13 - 18:59:31;Veinte de Abril;Celtas cortos
cadena100;2018/04/13 - 19:04:12;OK;Robin Schulz y James Blunt
cadena100;2018/04/13 - 19:07:20;Volverte a ver;Juanes
cadena100;2018/04/13 - 19:10:29;Perfect;Ed Sheeran
cadena100;2018/04/13 - 19:15:11;Un violinista en tu tejado;Melendi
cadena100;2018/04/13 - 19:19:53;Nunca es tarde;Manolo García
cadena100;2018/04/13 - 19:21:29;Feel;Robbie Williams
cadena100;2018/04/13 - 19:24:34;Salvajes irracionales;Efecto pasillo
cadena100;2018/04/13 - 19:29:14;Try;P!nk
kissfm;2018/04/13 - 19:01:19;BEAUTIFUL;CHRISTINA AGUILERA
kissfm;2018/04/13 - 19:04:21;IN THE ARMY NOW;STATUS QUO
kissfm;2018/04/13 - 19:09:05;RADIO (THE COORS);THE COORS
kissfm;2018/04/13 - 19:12:10;AYO TECHNOLOGY;MILOW
kissfm;2018/04/13 - 19:16:53;SULTANS OF SWING;DIRE STRAITS
kissfm;2018/04/13 - 19:21:42;AS LONG AS YOU LOVE ME;BACKSTREET BOYS
kissfm;2018/04/13 - 19:26:22;HYMN FOR THE WEEKEND;COLDPLAY
kissfm;2018/04/13 - 19:29:30;NOTHING´S GONNA STOP US NOW;STARSHIP
kissfm;2018/04/13 - 19:35:39;HAPPY;PHARRELL WILLIAMS
kissfm;2018/04/13 - 19:48:13;RADIO GA GA;QUEEN
kissfm;2018/04/13 - 19:56:01;THIS KISS;FAITH HILL
kissfm;2018/04/13 - 20:02:14;INFORMACIÓN;CON ISMAEL ARRANZ
kissfm;2018/04/13 - 20:06:52;SLEEPING SATELLITE;TASMIN ARCHER
kissfm;2018/04/13 - 20:13:02;APOLOGIZE;ONE REPUBLIC & TIMBALAND
kissfm;2018/04/13 - 20:14:34;WE DON´T NEED ANOTHER HERO;TINA TURNER
icat;2018/04/13 - 18:16:34;ATLANTIS (PEPE LINK DEEP REMIX);JOAN MIQUEL OLIVER
icat;2018/04/13 - 18:21:14;OVERNIGHT;PARCELS
icat;2018/04/13 - 18:24:23;MY BEST FRIEND'S GIRL;THE CARS
icat;2018/04/13 - 18:27:31;SOL;VÀLIUS
icat;2018/04/13 - 18:30:34;no info;no info
icat;2018/04/13 - 18:32:10;EVERYBODY WANTS TO BE FAMOUS;SUPERORGANISM
icat;2018/04/13 - 18:35:20;TAKE IT EASY;THE VACCINES
icat;2018/04/13 - 18:38:29;EVENING PRAYER;JENS LEKMAN
icat;2018/04/13 - 18:43:09;LA GRAN EUFÒRIA;JOAN DAUSÀ
icat;2018/04/13 - 18:44:42;LOS AGELESS;ST. VINCENT
icat;2018/04/13 - 18:47:50;1140M;CASETA
icat;2018/04/13 - 18:50:58;HUMAN CODE;ROSS MCLENNAN
icat;2018/04/13 - 18:54:10;ANOTHER ROAD;MORGAN
icat;2018/04/13 - 18:57:14;CEMENTIRI;INTANA
icat;2018/04/13 - 19:05:01;INDEPENDENTS;AMB JOSEP MARTÍN
icat;2018/04/13 - 20:01:01;EL CELOBERT;AMB LLUÍS GAVALDÀ
icat;2018/04/13 - 21:02:10;DELICATESSEN;AMB ALBERT PUIG
europafm;2018/04/13 - 19:05:14;Issues;Julia Michaels
europafm;2018/04/13 - 19:05:14;Besos En Guerra;Morat Y Juanes
europafm;2018/04/13 - 19:05:14;Stargazing;Kygo
europafm;2018/04/13 - 19:05:14;Bailarina;Maldita Nerea
europafm;2018/04/13 - 19:05:14;Hips Dont Lie;Shakira Y Wyclef...
europafm;2018/04/13 - 19:05:14;Flames;David Guetta Ft Sia
europafm;2018/04/13 - 19:05:14;Wherever You Will Go;The Calling
europafm;2018/04/13 - 19:05:14;El Pozo;Izal
europafm;2018/04/13 - 19:05:14;Paparazzi;Lady Gaga
europafm;2018/04/13 - 19:05:14;Lo Malo;Aitana Ocaña Y Ana Guerra
europafm;2018/04/13 - 19:05:14;Havana;Camila Cabello
europafm;2018/04/13 - 19:05:14;Try;Pink
europafm;2018/04/13 - 19:05:14;Marta,sebas,guille Y Los Demás;...
europafm;2018/04/13 - 19:05:14;There Is Nothing Holding Me Back;...
europafm;2018/04/13 - 19:05:14;Beautiful;Christina Aguilera
europafm;2018/04/13 - 20:07:04;Feel It Still;Portugal The Man
europafm;2018/04/13 - 20:07:04;How Long;Charlie Puth
europafm;2018/04/13 - 20:07:04;Guerra Civil;Vetusta Morla
europafm;2018/04/13 - 20:07:04;Thunder;Imagine Dragons
europafm;2018/04/13 - 20:07:04;Teenage Dream;Katy Perry...
europafm;2018/04/13 - 20:07:04;Want You Back;5 Seconds Of Summer
europafm;2018/04/13 - 20:07:04;Rude Boy;Rihanna
europafm;2018/04/13 - 20:07:04;Entre Dos Mares;Fito Y Fitipaldis
europafm;2018/04/13 - 20:07:04;Dusk Till Dawn;Zayn Ft Sia
europafm;2018/04/13 - 20:07:04;Payphone;Maroon 5
europafm;2018/04/13 - 20:07:04;Corazon;Maluma
europafm;2018/04/13 - 20:07:04;Boulevard Of Broken Dreams;Gree...
europafm;2018/04/13 - 20:07:04;Midnight;Monarchy
europafm;2018/04/13 - 20:07:04;Con La Luna Llena;Melendi
europafm;2018/04/13 - 20:07:04;Photograph;Ed Sheeran
40principales;2018/04/13 - 16:56:14;Perfect duet;Ed Sheeran,Beyoncé
40principales;2018/04/13 - 17:15:06;Idgaf;Dua Lipa
40principales;2018/04/13 - 17:20:24;Love yourself;Justin Bieber
40principales;2018/04/13 - 17:29:50;It ain't me;Kygo,Selena Gomez
40principales;2018/04/13 - 17:40:21;I knew you were trouble;Taylor Swift
40principales;2018/04/13 - 17:49:53;Dusk till dawn;Zayn Malik,Sia
40principales;2018/04/13 - 18:00:46;Hey mama;David Guetta,Afrojack,Bebe Rexha,Nicki Minaj
40principales;2018/04/13 - 18:10:30;Él no soy yo;Blas Cantó
40principales;2018/04/13 - 18:19:46;Way down we go;Kaleo
40principales;2018/04/13 - 18:30:56;No vaya a ser;Pablo Alborán
40principales;2018/04/13 - 18:40:06;Perfect duet;Ed Sheeran,Beyoncé
40principales;2018/04/13 - 18:50:59;I'm yours;Jason Mraz
40principales;2018/04/13 - 18:59:58;Closer;The Chainsmokers,Halsey
40principales;2018/04/13 - 19:20:59;Never be the same;Camila Cabello
40principales;2018/04/13 - 19:39:41;FRIENDS;Anne-Marie,marshmello
40principales;2018/04/13 - 19:51:07;When I was your man;Bruno Mars
40principales;2018/04/13 - 19:59:21;Reggaetón lento (Bailemos);CNCO
40principales;2018/04/13 - 20:11:27;How long;Charlie Puth
40principales;2018/04/13 - 20:20:54;Love me like you do;Ellie Goulding
40principales;2018/04/13 - 20:30:14;Chained to the rhythm;Katy Perry,Skip Marley
40principales;2018/04/13 - 20:41:16;Wolves;Selena Gomez,marshmello
40principales;2018/04/13 - 20:50:35;Demons;Imagine Dragons
rockfm;2018/04/13 - 18:07:19;no info;no info
rockfm;2018/04/13 - 20:45:09;SMELLS LIKE TEEN SPIRIT;NIRVANA
rockfm;2018/04/13 - 20:46:40;no info;no info
icat;2018/04/13 - 21:58:22;DELICATESSEN;AMB ALBERT PUIG
icat;2018/04/13 - 22:01:31;CASA BABYLON;AMB MARC ISERN I RUBÉN SIERRA
icat;2018/04/13 - 23:01:33;BEATS PER MINUT;AMB ÒSCAR BROC
kissfm;2018/04/13 - 20:55:21;SHE DRIVES ME CRAZY;FINE YOUNG CANNIBALS
kissfm;2018/04/13 - 20:58:26;PUBLICIDAD;
kissfm;2018/04/13 - 21:01:33;INFORMACIÓN;CON ISMAEL ARRANZ
kissfm;2018/04/13 - 21:57:53;INFORMACIÓN;CON ISMAEL ARRANZ
kissfm;2018/04/13 - 22:29:25;RUNNING IN THE FAMILY;LEVEL 42
kissfm;2018/04/13 - 22:59:23;PUBLICIDAD;
kissfm;2018/04/13 - 23:02:32;INFORMACIÓN;CON DANIEL RELOVA
kissfm;2018/04/13 - 23:04:05;GOT MY MIND SET ON YOU;GEORGE HARRISON
kissfm;2018/04/13 - 23:08:44;IMPOSSIBLE;JAMES ARTHUR
kissfm;2018/04/13 - 23:11:54;BECAUSE THE NIGHT;10000 MANIACS
kissfm;2018/04/13 - 23:16:40;AGAINST ALL ODDS;PHIL COLLINS
kissfm;2018/04/13 - 23:19:51;I´M A BELIEVER;SMASH MOUTH
kissfm;2018/04/13 - 23:23:02;THAT THING YOU DO;THE WONDERS
kissfm;2018/04/13 - 23:26:13;MAN IN THE MIRROR;MICHAEL JACKSON
kissfm;2018/04/13 - 23:38:51;STRONG ENOUGH;CHER
kissfm;2018/04/13 - 23:42:00;MOONLIGHT SHADOW;MIKE OLDFIELD
kissfm;2018/04/13 - 23:51:25;BLUE EYES;ELTON JOHN
kissfm;2018/04/13 - 23:54:35;LITTLE LIES;FLETWOOD MAC
kissfm;2018/04/13 - 23:57:43;LIKE I CAN;SAM SMITH
kissfm;2018/04/14 - 00:04:02;TIME AFTER TIME;CYNDI LAUPER
melodiafm;2018/04/13 - 18:33:13;The Final Countdown;Europe
melodiafm;2018/04/13 - 18:33:13;Just Another Day;Jon Secada
melodiafm;2018/04/13 - 18:33:13;En El Muelle De San Blas;Maná
melodiafm;2018/04/13 - 18:33:13;Shout;Tears For Fears
melodiafm;2018/04/13 - 18:33:13;What Is Love;Haddaway
melodiafm;2018/04/13 - 18:33:13;Don't Dream It's Over;Crowded House
melodiafm;2018/04/13 - 18:33:13;Dancing In The Dark;B. Springsteen
melodiafm;2018/04/13 - 18:33:13;The Shoop Shoop Song;Cher
melodiafm;2018/04/13 - 18:33:13;Living On A Prayer;Bon Jovi
melodiafm;2018/04/13 - 18:33:13;A Quien Le Importa;Alaska Y Dinarama
melodiafm;2018/04/13 - 18:33:13;Message In A Bottle;The Police
melodiafm;2018/04/13 - 18:33:13;Ain't No Mountain High;M. Gaye & T. Ter...
melodiafm;2018/04/13 - 18:33:13;Friends Will Be Friends;Queen
melodiafm;2018/04/13 - 19:03:30;I'm Every Woman;Whitney Houston
melodiafm;2018/04/13 - 19:03:30;La Isla Bonita;Madonna
melodiafm;2018/04/13 - 19:03:30;Hoy No Me Puedo Levantar;Mecano
melodiafm;2018/04/13 - 19:03:30;Everybody (backstreet's Back);Backstreet Boys
melodiafm;2018/04/13 - 19:03:30;Part-time Lover;Stevie Wonder
melodiafm;2018/04/13 - 19:03:30;Let's Dance;David Bowie
melodiafm;2018/04/13 - 19:03:30;Missing;Everything But The Girl
melodiafm;2018/04/13 - 19:03:30;We Don't Need Another Hero;Tina Turner
melodiafm;2018/04/13 - 19:03:30;Say What You Want;Texas
melodiafm;2018/04/13 - 19:03:30;Maniac;Michael Sembello
melodiafm;2018/04/13 - 19:03:30;No Controles;Ole Ole
melodiafm;2018/04/13 - 19:03:30;Tainted Love;Soft Cell
melodiafm;2018/04/13 - 19:03:30;It's A Heartache;B. Tyler
melodiafm;2018/04/13 - 20:04:01;West End Girls;Pet Shop Boys
melodiafm;2018/04/13 - 20:04:01;All That She Wants;Ace Of Base
melodiafm;2018/04/13 - 20:04:01;San Fernando;Manolo Garcia
melodiafm;2018/04/13 - 20:04:01;Girls Just Wanna Have Fun;Cyndi Lauper
melodiafm;2018/04/13 - 20:04:01;Torn;Natalie Imbruglia
melodiafm;2018/04/13 - 20:04:01;Nothing's Gonna Stop Us Now;Starship
melodiafm;2018/04/13 - 20:04:01;Everytime You Go Away;Paul Young
melodiafm;2018/04/13 - 20:04:01;I Promise Myself;Nick Kamen
melodiafm;2018/04/13 - 20:04:01;Don't You Want Me;Human League
melodiafm;2018/04/13 - 20:04:01;Chica De Ayer;Nacha Pop
melodiafm;2018/04/13 - 20:04:01;The Locomotion;Kylie Minogue
melodiafm;2018/04/13 - 20:04:01;Sweet Home Alabama;Lynyrd Skynyrd
melodiafm;2018/04/13 - 20:04:01;Stop;Sam Brown
melodiafm;2018/04/13 - 21:04:30;Everybody's Free;To Feel Good
melodiafm;2018/04/13 - 21:04:30;A Kind Of Magic;Queen
melodiafm;2018/04/13 - 21:04:30;True Faith;New Order
melodiafm;2018/04/13 - 21:04:30;Baby I Love Your Way;Big Mountain
melodiafm;2018/04/13 - 21:04:30;It´s A Miracle;Culture Club
melodiafm;2018/04/13 - 21:04:30;Is This Love;Whitesnake
melodiafm;2018/04/13 - 21:04:30;Beat It;Michael Jackson
melodiafm;2018/04/13 - 21:04:30;Big In Japan;Alphaville
melodiafm;2018/04/13 - 21:04:30;Sweet Dreams;Eurythmics
melodiafm;2018/04/13 - 21:04:30;Mr. Vain;Culture Beat
melodiafm;2018/04/13 - 21:04:30;Killing Me Softly;The Fugees
melodiafm;2018/04/13 - 21:04:30;Sign Your Name;Terence Trent D'arby
melodiafm;2018/04/13 - 21:04:30;Pump Up The Jam;Technotronic
melodiafm;2018/04/13 - 22:05:11;I Like Chopin;Gazebo
melodiafm;2018/04/13 - 22:05:11;With Or Without You;U2
melodiafm;2018/04/13 - 22:05:11;Sometimes;Erasure
melodiafm;2018/04/13 - 22:05:11;Losing My Religion;R.e.m.
melodiafm;2018/04/13 - 22:05:11;Free;Ultra Nate
melodiafm;2018/04/13 - 22:05:11;The Best;Tina Turner
melodiafm;2018/04/13 - 22:05:11;Suburbia;Pet Shop Boys
melodiafm;2018/04/13 - 22:05:11;Funkytown;Lips Inc
melodiafm;2018/04/13 - 22:05:11;Never Can Say Goodbye;The Communards
melodiafm;2018/04/13 - 22:05:11;Born To Be Alive;Patrick Hernandez
melodiafm;2018/04/13 - 22:05:11;Sleeping In My Car;Roxette
melodiafm;2018/04/13 - 22:05:11;Don't You Forget About Me;Simple Minds
melodiafm;2018/04/13 - 22:05:11;I Don't Wanna Dance;Eddy Grant
melodiafm;2018/04/13 - 23:05:59;P-machinery;Propaganda
melodiafm;2018/04/13 - 23:05:59;Whatever You Want;Status Quo
melodiafm;2018/04/13 - 23:05:59;Infinity;Guru Josh
melodiafm;2018/04/13 - 23:05:59;Black Or White;Michael Jackson
melodiafm;2018/04/13 - 23:05:59;Happy Children;P. Lion
melodiafm;2018/04/13 - 23:05:59;There Must Be An Angel;Eurythmics
melodiafm;2018/04/13 - 23:05:59;Highway To Hell;Ac/dc
melodiafm;2018/04/13 - 23:05:59;Ain't Nobody;Chaka Khan
melodiafm;2018/04/13 - 23:05:59;She Drives Me Crazy;Fine Young Cannibal
melodiafm;2018/04/13 - 23:05:59;When The Going Get Tough, The Tough Get;...
melodiafm;2018/04/13 - 23:05:59;The Rhythm Of The Night;Corona
melodiafm;2018/04/13 - 23:05:59;Material Girl;Madonna
melodiafm;2018/04/13 - 23:05:59;Celebration;Kool & The Gang
melodiafm;2018/04/14 - 00:06:52;Last Night A Dj Saved My Life;...
melodiafm;2018/04/14 - 00:06:52;Dolce Vita;Ryan Paris
melodiafm;2018/04/14 - 00:06:52;Situation;Yazoo
melodiafm;2018/04/14 - 00:06:52;Strong Enough;Cher
melodiafm;2018/04/14 - 00:06:52;Send Me An Angel;Real Life
melodiafm;2018/04/14 - 00:06:52;Two Hearts;Phil Collins
melodiafm;2018/04/14 - 00:06:52;Words;Fr David
melodiafm;2018/04/14 - 00:06:52;Nowhere Girl;B.movie
melodiafm;2018/04/14 - 00:06:52;I Wanna Dance With Some;Whitney Houton
melodiafm;2018/04/14 - 00:06:52;Groove Is In The Heart;Dee-lite
melodiafm;2018/04/14 - 00:06:52;Shiny Happy People;R.e.m.
melodiafm;2018/04/14 - 00:06:52;Personal Jesus;Depeche Mode
melodiafm;2018/04/14 - 00:06:52;Show Me Love;Robin S
rockfm;2018/04/13 - 22:07:11;no info;no info
rockfm;2018/04/13 - 22:40:35;ELECTRIC WORRY;CLUTCH
rockfm;2018/04/13 - 22:42:10;no info;no info
rockfm;2018/04/13 - 23:10:13;ROCKIN' IN A FREE WORLD (LIVE);PEARL JAM, RUSH & JOURNEY
rockfm;2018/04/13 - 23:11:45;no info;no info
40principales;2018/04/13 - 21:59:59;Bang bang;Jessie J,Ariana Grande,Nicki Minaj
40principales;2018/04/13 - 22:10:44;No excuses;Meghan Trainor
40principales;2018/04/13 - 22:19:46;Déjate llevar;Juan Magán,B-Case,Belinda,Manuel Turizo,Snova
40principales;2018/04/13 - 22:30:43;Gyal you a party animal;Charly Black
40principales;2018/04/13 - 22:41:07;No roots;Alice Merton
40principales;2018/04/13 - 22:50:12;Payphone;Maroon 5,Wiz Khalifa
40principales;2018/04/13 - 22:59:46;Believer;Imagine Dragons
40principales;2018/04/13 - 23:09:51;LOS40 BlackJack, todos los domingos;23:05
40principales;2018/04/13 - 23:21:29;Anda Ya!, buenos días, buena música, buen rollo;23:15
40principales;2018/04/13 - 23:39:57;Escucha DEL 40 AL 1, ahora también de lunes a viernes;23:20
40principales;2018/04/13 - 23:59:57;No te pierdas los sábados WORLD DANCE MUSIC;23:25
40principales;2018/04/14 - 00:10:50;Only girl (In the world);Rihanna
40principales;2018/04/14 - 00:20:00;Got 2 luv u;Sean Paul,Alexis Jordan
40principales;2018/04/14 - 00:29:26;Paris;The Chainsmokers,Emily Warren
40principales;2018/04/14 - 00:40:48;Terriblemente cruel;Leiva
40principales;2018/04/14 - 00:49:58;Attention;Charlie Puth
40principales;2018/04/14 - 01:01:16;2U;David Guetta,Justin Bieber
40principales;2018/04/14 - 01:10:50;Let her go;Passenger
40principales;2018/04/14 - 01:20:44;Riptide;Vance Joy
40principales;2018/04/14 - 01:30:01;Crying in the club;Camila Cabello
40principales;2018/04/14 - 01:41:20;La cintura;Álvaro Soler
cadena100;2018/04/13 - 20:54:43;There's nothing holdin' me back;Shawn Mendes
cadena100;2018/04/13 - 20:57:55;Duele el amor;Aleks Syntek y Ana Torroja
cadena100;2018/04/13 - 21:01:11;no info;no info
cadena100;2018/04/13 - 21:15:33;Kamikaze;Lagarto amarillo
cadena100;2018/04/13 - 21:17:04;Beat it;Michael Jackson
cadena100;2018/04/13 - 21:21:53;Cuando brille el Sol;Melocos y La guardia
cadena100;2018/04/13 - 21:26:33;Release me;Agnes
cadena100;2018/04/13 - 21:29:42;A partir de hoy;David Bisbal y Sebastian Yatra
cadena100;2018/04/13 - 21:32:59;Wake me up before you go-go;Wham!
cadena100;2018/04/13 - 21:36:04;Vente pa'ca;Ricky Martin y Maluma
cadena100;2018/04/13 - 21:40:44;Save tonight;Eagle-Eye Cherry
cadena100;2018/04/13 - 21:44:10;Hips don't lie;Shakira y Wyclef Jean
cadena100;2018/04/13 - 21:47:22;Devuélveme a mi chica;Hombres G
cadena100;2018/04/13 - 21:50:38;All falls down;Alan Walker, Noah Cyrus y Digital farm animals
cadena100;2018/04/13 - 21:56:54;Good feeling;Flo Rida
cadena100;2018/04/13 - 22:01:51;Good times;Chic
cadena100;2018/04/13 - 22:05:03;How long;Charlie Puth
cadena100;2018/04/13 - 22:08:19;Buscando el Sol;El pescao
cadena100;2018/04/13 - 22:13:12;What lovers do;Maroon 5 y SZA
cadena100;2018/04/13 - 22:16:29;Together forever;Rick Astley
cadena100;2018/04/13 - 22:19:44;Don't get me wrong;Pretenders
cadena100;2018/04/13 - 22:23:00;I wanna be the only one;Eternal y BeBe Winans
icat;2018/04/14 - 11:38:43;JENKS;DBFC
icat;2018/04/14 - 11:41:50;MARE DE DÉU;LA SENTINA
icat;2018/04/14 - 11:43:22;PLEASE MR. POSTMAN;THE CARPENTERS
icat;2018/04/14 - 11:46:30;BRILLANTOR;GERMÀ AIRE
icat;2018/04/14 - 11:48:04;SPINNIN';ME AND THE BEES
icat;2018/04/14 - 11:49:39;COME AS YOU ARE;NIRVANA
icat;2018/04/14 - 11:54:20;WALK THE WALK;GAZ COOMBES
icat;2018/04/14 - 11:59:00;NEU;LAKASTE
icat;2018/04/14 - 12:02:04;ANOTHER ROAD;MORGAN
icat;2018/04/14 - 12:05:11;MIGRACIONS DE SALMONS;DA SOUZA
icat;2018/04/14 - 12:08:23;BAD BAD NEWS;LEON BRIDGES
icat;2018/04/14 - 12:09:59;GHOST;SKIP THE USE
icat;2018/04/14 - 12:13:05;SOOKIE;PRATS
icat;2018/04/14 - 12:16:12;SUBURBIA (2010 REMASTER);PET SHOP BOYS
icat;2018/04/14 - 12:20:52;I WANT YOU BACK;THE JACKSON 5
icat;2018/04/14 - 12:24:01;EMPAT INFINIT;VALENTÍ
icat;2018/04/14 - 12:27:11;DON'T MOVE BACK TO LA;OKKERVIL RIVER
icat;2018/04/14 - 12:31:59;no info;no info
icat;2018/04/14 - 12:33:30;THE WALLS ARE COMING DOWN;FANFARLO
icat;2018/04/14 - 12:36:39;LOVE;ANTEROS
icat;2018/04/14 - 12:41:21;DOWN AT THE RESERVOIR;THE BLUETONES
icat;2018/04/14 - 12:42:52;TELEPATHIC LOVER;CROCODILES
icat;2018/04/14 - 12:46:01;ESPIRAL;EDURNE VEGA
icat;2018/04/14 - 12:49:10;CAN'T STAND LOSING YOU;THE POLICE
icat;2018/04/14 - 12:52:14;STAINED GLASS;REAL ESTATE
icat;2018/04/14 - 12:58:34;LOST SOMEBODY;A TRIBE CALLED QUEST
icat;2018/04/14 - 13:01:44;THERE'S A FIRE;OK GO
icat;2018/04/14 - 13:04:59;VAGABOND;BEIRUT
icat;2018/04/14 - 13:08:05;NAME FOR YOU;THE SHINS
icat;2018/04/14 - 13:12:50;BOYFRIEND;MARIKA HACKMAN
icat;2018/04/14 - 13:16:01;CAMPANERS DE MITJANIT;MIQUEL VILELLA
icat;2018/04/14 - 13:22:15;FOR WHAT IT'S WORTH;CHER
icat;2018/04/14 - 13:25:24;SÁBADO POR LA MAÑANA;OCATA
icat;2018/04/14 - 13:28:35;EN UN CEL ENCÈS;GERMANS TANNER
icat;2018/04/14 - 13:33:30;PRAY FOR ME (FEAT. KENDRICK LAMAR);THE WEEKND
icat;2018/04/14 - 13:36:42;PEOPLE;NAT SIMONS
icat;2018/04/14 - 13:39:53;COM FA TOTHOM;FALCIOTS NINJA
icat;2018/04/14 - 13:41:31;MAYOR OF SIMPLETON;XTC
icat;2018/04/14 - 13:46:13;NO VULL ANCORAR-ME;CANIMAS
icat;2018/04/14 - 13:49:31;WHEN YOU SAID GOODBYE;COCO HAMES
icat;2018/04/14 - 13:51:05;SONNET;THE VERVE
icat;2018/04/14 - 13:55:44;PARIS SHOW SOME LOVE;JOHN MILK
icat;2018/04/14 - 13:58:52;CREDO;ROGER PISTOLA
icat;2018/04/14 - 14:01:55;MAKE ME FEEL;JANELLE MONÁE
icat;2018/04/14 - 14:05:02;LLUMS;IUH
icat;2018/04/14 - 14:08:05;MAINLAND;ROLLING BLACKOUTS COASTAL FEVER
icat;2018/04/14 - 14:11:13;RODEO;QTY
icat;2018/04/14 - 14:14:21;TORNAVÍS;ADRIÀ PUNTÍ
icat;2018/04/14 - 14:17:31;FARAWAY EYES;GORKY'S ZYGOTIC MYNCI
icat;2018/04/14 - 14:22:23;MOVE ON UP;CURTIS MAYFIELD
icat;2018/04/14 - 14:23:59;PANYS VERMELLS;TRAU
icat;2018/04/14 - 14:28:41;NATURAL SUPERSOUL;SUPERFOOD
icat;2018/04/14 - 14:31:53;NO MORE SAD SONGS;TREMBLING BLUE STARS
icat;2018/04/14 - 14:35:00;THE NEXT TIME WE WED;THE FRATELLIS
icat;2018/04/14 - 14:38:10;LIFE IN VAIN;DANIEL JOHNSTON
icat;2018/04/14 - 14:42:45;WATERSLIDES;PIXX
icat;2018/04/14 - 14:45:53;NO SE SI;GERTRUDIS
kissfm;2018/04/14 - 11:39:03;THERE MUST BE AN ANGEL;EURYTHMICS
kissfm;2018/04/14 - 11:40:38;TOGETHER AGAIN;JANET JACKSON
kissfm;2018/04/14 - 11:43:25;TOGETHER AGAIN;JANET JACKSON
kissfm;2018/04/14 - 11:48:05;SOMETHING STUPID;ROBBIE WILLIAMS
kissfm;2018/04/14 - 11:51:14;WALKING ON SUNSHINE;KATRINA AND THE WAVES
kissfm;2018/04/14 - 11:54:20;TINY DANCER;FLORENCE + THE MACHINE
kissfm;2018/04/14 - 12:02:05;INFORMACIÓN;CON ESTEFANÍA VEGA
kissfm;2018/04/14 - 12:03:41;I STILL HAVEN´T FOUND WHAT I´M LOOKING FOR;U2
kissfm;2018/04/14 - 12:11:24;LADY MARMALADE;CHRISTINA AGUILERA, LIL' KIM, MÝA, P!NK
kissfm;2018/04/14 - 12:20:49;LOSING MY RELIGION;REM
kissfm;2018/04/14 - 12:25:23;IT´S A BEAUTIFUL DAY;MICHAEL BUBLÉ
kissfm;2018/04/14 - 12:33:30;I KNEW YOU WERE TROUBLE;TAYLOR SWIFT
kissfm;2018/04/14 - 12:35:01;UNCHAIN MY HEART;JOE COCKER
kissfm;2018/04/14 - 12:39:41;BLAZE OF GLORY;JON BON JOVI
kissfm;2018/04/14 - 12:42:53;DON´T GET ME WRONG;PRETENDERS
kissfm;2018/04/14 - 12:46:00;DON´T DREAM IT´S OVER;SIXPENCE NONE THE RICHER
kissfm;2018/04/14 - 12:50:40;STARS;SIMPLY RED
kissfm;2018/04/14 - 12:53:50;EVERYTIME YOU GO AWAY;PAUL YOUNG
kissfm;2018/04/14 - 13:01:41;INFORMACIÓN;CON ESTEFANÍA VEGA
kissfm;2018/04/14 - 13:04:51;LIKE A VIRGIN;MADONNA
kissfm;2018/04/14 - 13:08:01;CALM THE RAGE;TERRY RONALD
kissfm;2018/04/14 - 13:12:45;TREASURE;BRUNO MARS
kissfm;2018/04/14 - 13:14:21;VOYAGE VOYAGE;DESIRELESS
kissfm;2018/04/14 - 13:19:03;DREAMS;CRANBERRIES
kissfm;2018/04/14 - 13:23:41;LOVE NEVER FELT SO GOOD;MICHAEL JACKSON FT JUSTIN TIMBERLAKE
kissfm;2018/04/14 - 13:28:23;BABY CAN I HOLD YOU;TRACY CHAPMAN
kissfm;2018/04/14 - 13:33:04;TAKE ME TO CHURCH;HOZIER
kissfm;2018/04/14 - 13:34:39;MILLENIUM;ROBBIE WILLIAMS
kissfm;2018/04/14 - 13:37:46;THE WAY TO YOUR HEART;SOULSISTER
kissfm;2018/04/14 - 13:40:54;ONLY WHEN I SLEEP;CORRS
kissfm;2018/04/14 - 13:45:39;LAST TRAIN TO LONDON;ELECTRIC LIGHT ORCHESTRA
kissfm;2018/04/14 - 13:55:02;A KIND OF MAGIC;QUEEN
kissfm;2018/04/14 - 13:58:13;MISSING;EVERYTHING BUT THE GIRL
kissfm;2018/04/14 - 14:01:23;INFORMACIÓN;CON ESTEFANÍA VEGA
kissfm;2018/04/14 - 14:04:33;ALL AROUND THE WORLD;LISA STANFIELD
kissfm;2018/04/14 - 14:09:15;I'LL BE THERE FOR YOU;THE REMBRANDTS
kissfm;2018/04/14 - 14:12:23;THIS IS THE LIFE;AMY MC DONALD
kissfm;2018/04/14 - 14:15:33;IMAGINE;JOHN LENNON
cadenaDial;2018/04/14 - 11:40:24;Ciega, sordomuda;Shakira
cadenaDial;2018/04/14 - 11:52:57;Me olvidé;Antonio José
cadenaDial;2018/04/14 - 12:03:27;Nunca es tarde;Manolo García
cadenaDial;2018/04/14 - 12:21:07;Ciudad de papel;Malú
cadenaDial;2018/04/14 - 12:22:57;El patio;Pablo López
cadenaDial;2018/04/14 - 12:30:13;Nacidos para creer;Amaia Montero
cadenaDial;2018/04/14 - 12:41:04;Escenario Dial;Entra en www.cadenadial.com para saber dónde actúan tus artistas favoritos
cadenaDial;2018/04/14 - 12:50:16;Jardín de flores;David Otero
cadenaDial;2018/04/14 - 13:01:10;Como el primer día;Joana Jiménez
cadenaDial;2018/04/14 - 13:12:56;Déjate Llevar;Todas las novedades de Pop en español L-V 18:00-21:00
cadenaDial;2018/04/14 - 13:21:56;Atrévete;El despertador de Cadena Dial L-V 06:00-11:00
cadenaDial;2018/04/14 - 13:32:49;Porque lo mejor es mejor...;Cadena Dial, sólo lo mejor de nuestra música
cadenaDial;2018/04/14 - 13:40:12;Qué me está pasando;Efecto Mariposa
cadenaDial;2018/04/14 - 13:51:00;Cadena Dial en Facebook;Síguenos en Facebook y sé el primero en enterarte de las novedades Facebook.com/cadenadial
cadenaDial;2018/04/14 - 14:11:14;Silencio;David Bisbal
cadenaDial;2018/04/14 - 14:31:02;Yo contigo, tú conmigo (The gong gong song);Morat,Álvaro Soler
cadenaDial;2018/04/14 - 14:32:34;The pretender;Foo Fighters
cadenaDial;2018/04/14 - 14:40:06;Paraíso;Dvicio
cadenaDial;2018/04/14 - 14:52:22;Acabo de llegar;Fito & Fitipaldis
cadenaDial;2018/04/14 - 15:00:35;Carolina;M-Clan
cadenaDial;2018/04/14 - 15:09:22;Que se mueran de envidia;Dani Martín,Carla Morrison
cadenaDial;2018/04/14 - 15:21:02;Cuatro elementos;La Musicalité
cadena100;2018/04/14 - 11:40:52;Color esperanza;Diego Torres
cadena100;2018/04/14 - 11:44:00;Perfect;Ed Sheeran
cadena100;2018/04/14 - 11:47:09;Nada fue un error;Coti, Paulina Rubio y Julieta Venegas
cadena100;2018/04/14 - 11:51:52;Cuánto me duele;Morat
cadena100;2018/04/14 - 11:55:00;no info;no info
cadena100;2018/04/14 - 11:58:11;No woman, no cry;Fugees
cadena100;2018/04/14 - 12:01:22;Happy;Pharrell Williams
cadena100;2018/04/14 - 12:04:51;El arrepentido;Melendi y Carlos Vives
cadena100;2018/04/14 - 12:08:00;Te aviso, te anuncio;Shakira
cadena100;2018/04/14 - 12:11:04;Spinning over you;Reyko
cadena100;2018/04/14 - 12:14:24;Love me like you do;Ellie Goulding
cadena100;2018/04/14 - 12:19:09;Prometo;Pablo Alborán
cadena100;2018/04/14 - 12:23:53;Lo que tú quieras soy;Antonio Orozco
cadena100;2018/04/14 - 12:27:00;Versace on the floor;Bruno Mars y David Guetta
cadena100;2018/04/14 - 12:30:05;I miss you;Clean bandit y Julia Michaels
cadena100;2018/04/14 - 12:33:14;Para no verte más;La mosca
cadena100;2018/04/14 - 12:37:50;What about us;P!nk
cadena100;2018/04/14 - 12:42:31;No estamos solos;Eros Ramazzotti y Ricky Martin
cadena100;2018/04/14 - 13:05:44;How to save a life;The Fray
cadena100;2018/04/14 - 13:09:03;El patio;Pablo López
cadena100;2018/04/14 - 13:12:12;Voy a pasármelo bien;Hombres G
cadena100;2018/04/14 - 13:16:01;Love yourself;Justin Bieber
cadena100;2018/04/14 - 13:20:55;Lo que sobra de mí;Fito & Fitipaldis
cadena100;2018/04/14 - 13:24:04;Quiero verte;Marta Soto
cadena100;2018/04/14 - 13:28:50;This love;Maroon 5
cadena100;2018/04/14 - 13:32:02;No excuses;Meghan Trainor
cadena100;2018/04/14 - 13:33:35;Los amantes;Ana Torroja
cadena100;2018/04/14 - 13:38:23;No vaya a ser;Pablo Alborán
40principales;2018/04/14 - 11:40:03;Idgaf;Dua Lipa
40principales;2018/04/14 - 11:49:43;Katchi;Nick Waterhouse,Ofenbach
40principales;2018/04/14 - 12:01:05;El indie es el nuevo mainstream, LOS40 Trending;11:58
40principales;2018/04/14 - 12:10:01;Trust fund baby;Why Don't We
40principales;2018/04/14 - 12:20:18;La cintura;Álvaro Soler
40principales;2018/04/14 - 12:29:48;El patio;Pablo López
40principales;2018/04/14 - 12:40:01;Besos en guerra;Morat,Juanes
40principales;2018/04/14 - 13:06:27;La cintura;Álvaro Soler
40principales;2018/04/14 - 13:10:13;In my blood;Shawn Mendes
40principales;2018/04/14 - 13:19:44;LO+40, el gran show musical de la radio;13:17
40principales;2018/04/14 - 13:31:08;For you;Liam Payne,Rita Ora
40principales;2018/04/14 - 13:41:23;Spinning over you;REYKO
40principales;2018/04/14 - 13:50:34;Escucha DEL 40 AL 1, ahora también de lunes a viernes;13:44
40principales;2018/04/14 - 13:59:55;Downtown;Anitta,J Balvin
40principales;2018/04/14 - 14:09:59;Wolves;Selena Gomez,marshmello
40principales;2018/04/14 - 14:20:17;When I was your man;Bruno Mars
40principales;2018/04/14 - 14:30:42;Trust fund baby;Why Don't We
40principales;2018/04/14 - 14:39:45;Stitches;Shawn Mendes
40principales;2018/04/14 - 14:51:18;Want you back;5 Seconds of Summer
40principales;2018/04/14 - 15:00:39;Don't wanna go home;Jason Derülo
40principales;2018/04/14 - 15:19:23;Échame la culpa;Luis Fonsi,Demi Lovato
40principales;2018/04/14 - 15:31:11;FRIENDS;Anne-Marie,marshmello
40principales;2018/04/14 - 15:40:03;PDA;Scott Helman
40principales;2018/04/14 - 15:59:45;Don't wake me up;Chris Brown
rockfm;2018/04/14 - 11:39:49;no info;no info
rockfm;2018/04/14 - 11:56:35;NEW KID IN TOWN;THE EAGLES
rockfm;2018/04/14 - 11:58:10;no info;no info
rockfm;2018/04/14 - 11:59:42;LIVIN' ON A PRAYER;BON JOVI
rockfm;2018/04/14 - 12:02:45;no info;no info
rockfm;2018/04/14 - 12:06:02;BABA O'RILEY;THE WHO
rockfm;2018/04/14 - 12:09:19;no info;no info
rockfm;2018/04/14 - 12:13:52;THE UNFORGIVEN II;METALLICA
rockfm;2018/04/14 - 12:15:23;no info;no info
rockfm;2018/04/14 - 12:26:05;MAGGIE MAY;ROD STEWART
rockfm;2018/04/14 - 12:27:41;SHOULD I STAY OR SHOULD I GO;THE CLASH
rockfm;2018/04/14 - 12:29:13;JUST FEEL BETTER;SANTANA & STEVEN TYLER
rockfm;2018/04/14 - 12:32:15;no info;no info
rockfm;2018/04/14 - 12:39:53;EYE OF THE TIGER;SURVIVOR
rockfm;2018/04/14 - 12:41:24;no info;no info
rockfm;2018/04/14 - 12:43:10;LONG TRAIN RUNNIN';THE DOOBIE BROTHERS
rockfm;2018/04/14 - 12:44:41;no info;no info
rockfm;2018/04/14 - 12:49:15;HERO;CHAD KROEGER
rockfm;2018/04/14 - 12:52:21;no info;no info
rockfm;2018/04/14 - 13:05:02;WALK OF LIFE;DIRE STRAITS
rockfm;2018/04/14 - 13:06:34;no info;no info
rockfm;2018/04/14 - 13:16:21;PIANO MAN;BILLY JOEL
rockfm;2018/04/14 - 13:17:52;no info;no info
rockfm;2018/04/14 - 13:33:12;IMITATION OF LIFE;R.E.M.
rockfm;2018/04/14 - 13:34:42;no info;no info
rockfm;2018/04/14 - 13:37:45;CAN'T STAND LOSING YOU;THE POLICE
rockfm;2018/04/14 - 13:39:24;no info;no info
rockfm;2018/04/14 - 13:44:03;THE LOGICAL SONG;SUPERTRAMP
rockfm;2018/04/14 - 13:45:35;no info;no info
rockfm;2018/04/14 - 13:47:10;THE LOGICAL SONG;SUPERTRAMP
rockfm;2018/04/14 - 13:48:42;LUMP;PRESIDENTS OF THE U.S.A.
rockfm;2018/04/14 - 13:51:45;no info;no info
rockfm;2018/04/14 - 14:02:32;UNDER THE BRIDGE;RED HOT CHILI PEPPERS
rockfm;2018/04/14 - 14:04:03;no info;no info
rockfm;2018/04/14 - 15:00:44;CELEBRITY SKIN;HOLE
rockfm;2018/04/14 - 15:03:51;no info;no info
rockfm;2018/04/14 - 15:06:59;MASTER OF PUPPETS;METALLICA
rockfm;2018/04/14 - 15:08:30;no info;no info
rockfm;2018/04/14 - 15:10:02;MASTER OF PUPPETS;METALLICA
rockfm;2018/04/14 - 15:11:33;no info;no info
rockfm;2018/04/14 - 15:25:20;ROXANNE;THE POLICE
rockfm;2018/04/14 - 15:26:51;no info;no info
rockfm;2018/04/14 - 15:37:34;DESIRE;U2
rockfm;2018/04/14 - 15:39:04;no info;no info
rockfm;2018/04/14 - 15:43:42;DESIRE;U2
rockfm;2018/04/14 - 15:45:13;ZOMBIE;THE CRANBERRIES
rockfm;2018/04/14 - 15:46:44;no info;no info
rockfm;2018/04/14 - 15:49:52;ZOMBIE;THE CRANBERRIES
rockfm;2018/04/14 - 15:51:23;no info;no info
melodiafm;2018/04/14 - 11:49:23;no info;no info
melodiafm;2018/04/14 - 11:59:32;no info;no info
melodiafm;2018/04/14 - 12:09:55;Living On My Own;Freddie Mercury
melodiafm;2018/04/14 - 12:09:55;Whatever You Want;Status Quo
melodiafm;2018/04/14 - 12:09:55;Espaldas Mojadas;Tam Tam Go!
melodiafm;2018/04/14 - 12:09:55;What Is Love;Haddaway
melodiafm;2018/04/14 - 12:09:55;Message In A Bottle;The Police
melodiafm;2018/04/14 - 12:09:55;Dance Little Sister;Terence Trent D'arb...
melodiafm;2018/04/14 - 12:09:55;I Promise Myself;Nick Kamen
melodiafm;2018/04/14 - 12:09:55;Part-time Lover;Stevie Wonder
melodiafm;2018/04/14 - 12:09:55;I'm Every Woman;Whitney Houston
melodiafm;2018/04/14 - 12:09:55;Eloise Edit;Tino Casal
melodiafm;2018/04/14 - 12:09:55;Holding Out For A Hero;Bonnie Tyler
melodiafm;2018/04/14 - 12:09:55;Satisfaction;The Rolling Stones
melodiafm;2018/04/14 - 12:09:55;Forever Young;Alphaville
melodiafm;2018/04/14 - 13:02:51;Wonderful Life;Black
melodiafm;2018/04/14 - 13:02:51;It Ain't Over Till It's Over;Lenny Krav...
melodiafm;2018/04/14 - 13:02:51;Canta Por Mi;El Último De La Fila
melodiafm;2018/04/14 - 13:02:51;Two Hearts;Phil Collins
melodiafm;2018/04/14 - 13:02:51;Just Another Day;Jon Secada
melodiafm;2018/04/14 - 13:02:51;She Works Hard For ...;Donna Summer
melodiafm;2018/04/14 - 13:02:51;Maniac;Michael Sembello
melodiafm;2018/04/14 - 13:02:51;Crying;Aerosmith
melodiafm;2018/04/14 - 13:02:51;Suburbia;Pet Shop Boys
melodiafm;2018/04/14 - 13:02:51;Cien Gaviotas;Duncan Dhu
melodiafm;2018/04/14 - 13:02:51;Don't Leave Me This Way;The Communards
melodiafm;2018/04/14 - 13:02:51;Greased Lightning;John Travolta
melodiafm;2018/04/14 - 13:02:51;Wind Of Change;Scorpions
melodiafm;2018/04/14 - 14:03:39;Summer Son;Texas
melodiafm;2018/04/14 - 14:03:39;Beat It;Michael Jackson
melodiafm;2018/04/14 - 14:03:39;Noches De Bohemia;Navajita Platea
melodiafm;2018/04/14 - 14:03:39;Strong Enough;Cher
melodiafm;2018/04/14 - 14:03:39;You Can Leave Your Hat On;Joe Cocker
melodiafm;2018/04/14 - 14:03:39;I Want Your Sex;George Michael
melodiafm;2018/04/14 - 14:03:39;It's Raining Men;Geri Halliwell
melodiafm;2018/04/14 - 14:03:39;Maneater;Hall & Oates
melodiafm;2018/04/14 - 14:03:39;All That She Wants;Ace Of Base
melodiafm;2018/04/14 - 14:03:39;Veneno En La Piel;Radio Futura
melodiafm;2018/04/14 - 14:03:39;Highway To Hell;Ac/dc
melodiafm;2018/04/14 - 14:03:39;Dancing Queen;Abba
melodiafm;2018/04/14 - 14:03:39;Private Dancer;Tina Turner
melodiafm;2018/04/14 - 15:04:15;You Got It;Roy Orbison
melodiafm;2018/04/14 - 15:04:15;Gangsta's Paradise;Coolio
melodiafm;2018/04/14 - 15:04:15;En El Muelle De San Blas;Maná
melodiafm;2018/04/14 - 15:04:15;Money For Nothing;Dire Straits
melodiafm;2018/04/14 - 15:04:15;The Power;Snap
melodiafm;2018/04/14 - 15:04:15;Brilliant Disguise;Bruce Springsteen
melodiafm;2018/04/14 - 15:04:15;Personal Jesus;Depeche Mode
melodiafm;2018/04/14 - 15:04:15;High;Lighthouse Family
melodiafm;2018/04/14 - 15:04:15;A Kind Of Magic;Queen
melodiafm;2018/04/14 - 15:04:15;Santa Lucía;Miguel Ríos
melodiafm;2018/04/14 - 15:04:15;Is This Love;Whitesnake
melodiafm;2018/04/14 - 15:04:15;You Make Me Feel Mighty Real;Sylvester
melodiafm;2018/04/14 - 15:04:15;Girl, You'll Be A Woman Soon;Urge Overkill
